id_cliente,id_departamento,edad_cliente,tipo_empleo,ingreso_mensual
CLI-00001,5,65,Jubilado,941.38
CLI-00002,6,43,Formal,540.81
CLI-00003,11,44,Formal,1773.85
CLI-00004,2,49,Independiente,627.24
CLI-00005,3,32,Formal,1692.24
CLI-00006,1,47,Formal,1692.65
CLI-00007,2,36,Formal,904.16
CLI-00008,2,23,Formal,2208.68
CLI-00009,6,38,Formal,2393.68
CLI-00010,12,28,Independiente,384.72
CLI-00011,5,27,Formal,1688.79
CLI-00012,10,37,Formal,958.26
CLI-00013,6,26,Formal,852.52
CLI-00014,6,38,Formal,2032.28
CLI-00015,12,33,Independiente,1263.18
CLI-00016,5,41,Formal,1228.45
CLI-00017,5,45,Independiente,1557.09
CLI-00018,6,49,Formal,2088.57
CLI-00019,2,55,Jubilado,523.08
CLI-00020,1,36,Independiente,1243.51
CLI-00021,8,59,Formal,1774.24
CLI-00022,12,31,Independiente,773.66
CLI-00023,2,44,Formal,1805.12
CLI-00024,6,55,Formal,1402.21
CLI-00025,2,20,Independiente,1256.34
CLI-00026,5,47,Formal,1507.28
CLI-00027,5,33,Formal,839.58
CLI-00028,12,52,Formal,1866.67
CLI-00029,2,35,Formal,1991.55
CLI-00030,4,42,Formal,2251.37
CLI-00031,6,26,Formal,1369.59
CLI-00032,4,31,Formal,1094.64
CLI-00033,2,53,Formal,986.04
CLI-00034,6,33,Formal,2210.32
CLI-00035,1,29,Formal,1428.45
CLI-00036,6,44,Formal,2381.25
CLI-00037,5,32,Formal,943.71
CLI-00038,6,37,Formal,974.9
CLI-00039,13,43,Formal,999.58
CLI-00040,12,22,Formal,1524.34
CLI-00041,6,24,Formal,588.17
CLI-00042,5,58,Formal,1184.99
CLI-00043,6,31,Formal,2118.18
CLI-00044,8,26,Formal,1867.29
CLI-00045,11,56,Formal,454.5
CLI-00046,6,52,Formal,620.05
CLI-00047,12,59,Formal,2368.4
CLI-00048,2,45,Formal,854.87
CLI-00049,6,26,Independiente,1180.08
CLI-00050,9,22,Formal,2492.21
CLI-00051,12,52,Formal,1736.85
CLI-00052,5,36,Formal,2285.99
CLI-00053,11,43,Independiente,1415.9
CLI-00054,12,59,Independiente,1113.94
CLI-00055,1,55,Formal,2445.22
CLI-00056,5,22,Formal,1859.14
CLI-00057,6,53,Formal,457.6
CLI-00058,6,28,Formal,2186.38
CLI-00059,6,32,Formal,1478.33
CLI-00060,6,50,Formal,2443.86
CLI-00061,5,46,Independiente,901.48
CLI-00062,5,53,Formal,826.11
CLI-00063,6,55,Formal,2018.59
CLI-00064,2,68,Jubilado,1038.7
CLI-00065,5,44,Formal,1107.96
CLI-00066,6,53,Formal,576.72
CLI-00067,5,53,Formal,1079.2
CLI-00068,3,51,Formal,2175.96
CLI-00069,12,52,Formal,1815.98
CLI-00070,5,22,Formal,1090.91
CLI-00071,11,59,Formal,1030.67
CLI-00072,9,44,Independiente,1120.22
CLI-00073,2,56,Formal,2080.45
CLI-00074,6,35,Independiente,427.7
CLI-00075,11,54,Formal,615.48
CLI-00076,6,45,Formal,742.49
CLI-00077,13,41,Independiente,674.06
CLI-00078,1,57,Formal,1506.27
CLI-00079,8,25,Formal,1371.11
CLI-00080,11,50,Formal,1544.52
CLI-00081,6,32,Independiente,1562.38
CLI-00082,6,39,Formal,1333.06
CLI-00083,2,43,Formal,1310.89
CLI-00084,6,21,Formal,1340.09
CLI-00085,5,45,Formal,1793.21
CLI-00086,5,61,Jubilado,853.12
CLI-00087,6,22,Independiente,670.95
CLI-00088,5,48,Independiente,508.35
CLI-00089,2,25,Formal,1406.28
CLI-00090,2,59,Formal,1140.31
CLI-00091,6,30,Formal,2394.22
CLI-00092,11,30,Formal,1721.79
CLI-00093,6,24,Independiente,1209.7
CLI-00094,6,56,Jubilado,399.09
CLI-00095,6,66,Jubilado,659.48
CLI-00096,6,57,Formal,1721.95
CLI-00097,10,62,Independiente,606.8
CLI-00098,2,22,Formal,501.04
CLI-00099,6,46,Formal,1083.47
CLI-00100,11,54,Formal,962.24
CLI-00101,6,64,Independiente,1521.76
CLI-00102,1,56,Formal,789.07
CLI-00103,7,54,Independiente,874.58
CLI-00104,5,43,Independiente,1435.89
CLI-00105,6,33,Formal,1959.01
CLI-00106,5,40,Formal,2139.03
CLI-00107,5,55,Independiente,378.38
CLI-00108,12,27,Formal,2410.15
CLI-00109,6,36,Formal,1352.77
CLI-00110,5,41,Formal,1984.94
CLI-00111,8,64,Independiente,1514.7
CLI-00112,13,59,Jubilado,910.67
CLI-00113,6,31,Independiente,1214.72
CLI-00114,10,57,Independiente,468.87
CLI-00115,6,47,Formal,1888.98
CLI-00116,2,39,Formal,1629.12
CLI-00117,11,36,Independiente,1534.85
CLI-00118,13,25,Independiente,1239.6
CLI-00119,6,59,Formal,1302.38
CLI-00120,12,23,Formal,947.66
CLI-00121,5,40,Formal,667.14
CLI-00122,2,21,Formal,1836.56
CLI-00123,5,45,Formal,2226.69
CLI-00124,4,66,Jubilado,1084.09
CLI-00125,6,36,Formal,1517.62
CLI-00126,14,55,Formal,1866.46
CLI-00127,2,34,Formal,1032.55
CLI-00128,14,22,Independiente,1477.93
CLI-00129,2,52,Formal,540.36
CLI-00130,5,28,Formal,772.93
CLI-00131,6,48,Formal,581.69
CLI-00132,13,71,Jubilado,581.43
CLI-00133,5,49,Formal,697.03
CLI-00134,2,73,Jubilado,902.52
CLI-00135,6,50,Formal,2221.41
CLI-00136,2,53,Formal,2037.41
CLI-00137,6,65,Jubilado,807.77
CLI-00138,5,71,Jubilado,983.6
CLI-00139,6,21,Formal,448.44
CLI-00140,2,24,Independiente,1599.65
CLI-00141,14,57,Formal,1930.33
CLI-00142,7,41,Formal,1357.13
CLI-00143,2,67,Jubilado,529.2
CLI-00144,11,53,Independiente,807.33
CLI-00145,2,53,Independiente,953.12
CLI-00146,10,21,Formal,1567.97
CLI-00147,6,36,Independiente,530.51
CLI-00148,1,40,Independiente,1154.61
CLI-00149,9,53,Independiente,797.98
CLI-00150,6,47,Formal,609.28
CLI-00151,6,53,Formal,2050.0
CLI-00152,5,37,Formal,2395.0
CLI-00153,3,64,Jubilado,933.62
CLI-00154,2,26,Formal,1444.65
CLI-00155,5,31,Formal,577.8
CLI-00156,2,51,Formal,1252.63
CLI-00157,6,24,Formal,1138.99
CLI-00158,12,49,Formal,2444.07
CLI-00159,6,41,Formal,771.38
CLI-00160,5,41,Formal,1561.33
CLI-00161,6,54,Formal,687.8
CLI-00162,5,46,Formal,2082.77
CLI-00163,6,50,Formal,746.51
CLI-00164,5,56,Formal,2096.9
CLI-00165,7,35,Formal,1536.11
CLI-00166,12,48,Formal,1187.34
CLI-00167,6,33,Independiente,547.46
CLI-00168,2,42,Independiente,996.92
CLI-00169,6,58,Formal,1527.84
CLI-00170,5,57,Formal,799.15
CLI-00171,6,41,Independiente,769.46
CLI-00172,2,39,Independiente,950.35
CLI-00173,5,38,Formal,600.79
CLI-00174,6,28,Formal,1639.99
CLI-00175,6,57,Formal,1175.21
CLI-00176,6,26,Formal,1680.01
CLI-00177,5,26,Formal,1179.94
CLI-00178,6,49,Independiente,579.12
CLI-00179,12,51,Formal,1273.63
CLI-00180,13,22,Formal,1618.08
CLI-00181,12,50,Formal,775.45
CLI-00182,6,69,Jubilado,765.23
CLI-00183,6,24,Independiente,596.0
CLI-00184,5,53,Formal,1951.39
CLI-00185,6,33,Independiente,721.46
CLI-00186,6,56,Formal,1086.94
CLI-00187,6,30,Formal,1561.09
CLI-00188,6,22,Formal,602.77
CLI-00189,2,29,Formal,1658.93
CLI-00190,6,50,Formal,641.93
CLI-00191,11,33,Independiente,1517.18
CLI-00192,14,55,Formal,558.31
CLI-00193,7,49,Formal,710.73
CLI-00194,8,50,Formal,2136.28
CLI-00195,3,34,Formal,1507.98
CLI-00196,5,44,Independiente,1208.48
CLI-00197,6,51,Independiente,936.41
CLI-00198,5,34,Independiente,1078.2
CLI-00199,5,22,Formal,1550.59
CLI-00200,12,26,Formal,2374.85
CLI-00201,6,35,Formal,2247.55
CLI-00202,6,46,Independiente,1338.92
CLI-00203,3,57,Formal,2039.43
CLI-00204,3,22,Formal,2005.91
CLI-00205,11,58,Formal,1535.88
CLI-00206,5,35,Formal,2078.37
CLI-00207,3,32,Formal,2025.51
CLI-00208,1,56,Formal,1548.87
CLI-00209,5,31,Formal,2414.88
CLI-00210,5,43,Formal,1380.97
CLI-00211,12,33,Formal,709.36
CLI-00212,2,32,Formal,632.6
CLI-00213,12,56,Independiente,1238.44
CLI-00214,3,29,Formal,1302.19
CLI-00215,7,65,Jubilado,704.6
CLI-00216,2,68,Jubilado,514.15
CLI-00217,10,35,Formal,1249.93
CLI-00218,2,46,Formal,1113.68
CLI-00219,5,31,Formal,2339.76
CLI-00220,6,47,Formal,1360.61
CLI-00221,4,44,Formal,1621.47
CLI-00222,3,53,Formal,1173.78
CLI-00223,6,48,Formal,862.38
CLI-00224,6,63,Jubilado,487.04
CLI-00225,5,27,Formal,1658.4
CLI-00226,2,38,Independiente,796.49
CLI-00227,6,49,Formal,1401.9
CLI-00228,6,34,Formal,1905.24
CLI-00229,6,50,Formal,1584.05
CLI-00230,3,49,Formal,577.05
CLI-00231,7,39,Formal,1759.52
CLI-00232,5,48,Formal,2166.76
CLI-00233,11,23,Formal,900.64
CLI-00234,6,57,Formal,791.37
CLI-00235,6,54,Formal,2095.06
CLI-00236,13,36,Formal,1246.14
CLI-00237,6,51,Formal,1093.9
CLI-00238,2,53,Formal,852.4
CLI-00239,1,56,Formal,1757.29
CLI-00240,6,24,Independiente,787.14
CLI-00241,5,43,Formal,491.19
CLI-00242,10,50,Formal,1174.54
CLI-00243,11,42,Formal,2041.9
CLI-00244,2,43,Formal,2083.7
CLI-00245,5,34,Formal,1962.71
CLI-00246,6,29,Formal,709.86
CLI-00247,10,67,Jubilado,877.68
CLI-00248,6,40,Independiente,1371.59
CLI-00249,6,57,Formal,1774.95
CLI-00250,10,42,Formal,704.72
CLI-00251,12,59,Independiente,674.65
CLI-00252,6,30,Formal,2321.98
CLI-00253,5,22,Formal,765.87
CLI-00254,7,56,Formal,2023.65
CLI-00255,2,30,Independiente,804.26
CLI-00256,6,55,Formal,2394.56
CLI-00257,5,59,Jubilado,728.3
CLI-00258,5,39,Formal,1657.76
CLI-00259,2,54,Formal,1716.53
CLI-00260,6,37,Formal,1278.61
CLI-00261,6,45,Formal,932.52
CLI-00262,9,63,Independiente,1560.11
CLI-00263,1,57,Formal,610.49
CLI-00264,12,30,Formal,1856.37
CLI-00265,6,36,Formal,2235.73
CLI-00266,7,42,Independiente,1259.27
CLI-00267,6,72,Jubilado,732.39
CLI-00268,4,67,Jubilado,862.34
CLI-00269,2,37,Formal,795.6
CLI-00270,6,33,Independiente,513.85
CLI-00271,7,28,Formal,2439.8
CLI-00272,12,50,Formal,534.16
CLI-00273,6,59,Formal,496.98
CLI-00274,6,54,Formal,2260.8
CLI-00275,6,43,Formal,555.94
CLI-00276,5,49,Formal,1796.24
CLI-00277,7,22,Formal,470.75
CLI-00278,11,33,Formal,1520.19
CLI-00279,12,58,Independiente,376.71
CLI-00280,2,36,Formal,2237.25
CLI-00281,13,44,Independiente,780.42
CLI-00282,6,22,Independiente,942.13
CLI-00283,5,37,Independiente,653.51
CLI-00284,2,35,Formal,1309.77
CLI-00285,5,31,Independiente,1546.17
CLI-00286,8,26,Formal,2463.25
CLI-00287,11,33,Formal,2477.5
CLI-00288,7,28,Formal,2380.88
CLI-00289,6,30,Formal,517.65
CLI-00290,5,23,Formal,2138.51
CLI-00291,9,43,Formal,2258.27
CLI-00292,12,64,Jubilado,750.98
CLI-00293,6,57,Jubilado,967.4
CLI-00294,4,45,Formal,1653.32
CLI-00295,6,23,Formal,987.76
CLI-00296,6,54,Formal,2213.23
CLI-00297,9,24,Independiente,1272.99
CLI-00298,5,58,Formal,960.29
CLI-00299,6,26,Formal,2421.21
CLI-00300,2,32,Independiente,1416.24
CLI-00301,6,49,Formal,2305.55
CLI-00302,6,59,Independiente,1063.68
CLI-00303,5,38,Independiente,1437.18
CLI-00304,5,33,Formal,2160.99
CLI-00305,6,46,Independiente,1294.61
CLI-00306,3,50,Independiente,1384.88
CLI-00307,2,50,Formal,2310.1
CLI-00308,1,33,Formal,1475.53
CLI-00309,1,47,Formal,2460.87
CLI-00310,6,44,Formal,2122.85
CLI-00311,2,27,Formal,1545.83
CLI-00312,12,35,Formal,2358.62
CLI-00313,2,58,Jubilado,428.84
CLI-00314,5,41,Independiente,1240.09
CLI-00315,6,38,Formal,2232.8
CLI-00316,13,58,Jubilado,846.25
CLI-00317,6,49,Formal,466.02
CLI-00318,5,31,Formal,1841.25
CLI-00319,6,49,Formal,2384.15
CLI-00320,2,34,Independiente,1346.59
CLI-00321,6,22,Formal,2027.47
CLI-00322,5,23,Formal,2397.8
CLI-00323,3,41,Formal,2311.81
CLI-00324,11,73,Jubilado,577.43
CLI-00325,13,58,Formal,898.31
CLI-00326,4,45,Formal,1907.04
CLI-00327,6,47,Formal,2433.84
CLI-00328,3,27,Independiente,1317.09
CLI-00329,11,22,Independiente,1349.05
CLI-00330,5,22,Independiente,594.04
CLI-00331,6,27,Formal,680.39
CLI-00332,6,58,Formal,889.12
CLI-00333,3,21,Independiente,1349.99
CLI-00334,5,28,Formal,1386.37
CLI-00335,6,51,Formal,1921.53
CLI-00336,6,57,Independiente,1486.16
CLI-00337,6,60,Independiente,663.93
CLI-00338,13,36,Formal,1423.3
CLI-00339,4,52,Formal,2377.77
CLI-00340,2,33,Formal,591.62
CLI-00341,10,59,Formal,696.05
CLI-00342,6,34,Independiente,612.19
CLI-00343,3,31,Formal,678.38
CLI-00344,12,29,Formal,528.1
CLI-00345,6,27,Independiente,1534.98
CLI-00346,6,26,Independiente,1181.11
CLI-00347,6,42,Formal,1360.82
CLI-00348,6,34,Formal,589.79
CLI-00349,2,33,Formal,1416.9
CLI-00350,6,56,Formal,1968.1
CLI-00351,11,52,Formal,1456.25
CLI-00352,6,41,Independiente,775.41
CLI-00353,6,48,Formal,835.05
CLI-00354,6,35,Formal,955.98
CLI-00355,6,50,Independiente,878.65
CLI-00356,11,48,Formal,1191.76
CLI-00357,13,52,Formal,1643.16
CLI-00358,1,56,Formal,2236.72
CLI-00359,12,32,Formal,1218.4
CLI-00360,6,52,Independiente,527.49
CLI-00361,6,42,Independiente,1146.19
CLI-00362,5,57,Formal,2197.12
CLI-00363,6,34,Formal,1490.82
CLI-00364,5,26,Formal,1776.42
CLI-00365,5,55,Formal,1786.01
CLI-00366,5,55,Independiente,1562.73
CLI-00367,6,23,Formal,1339.41
CLI-00368,5,32,Formal,2144.08
CLI-00369,6,32,Formal,1890.1
CLI-00370,3,57,Formal,1162.0
CLI-00371,6,63,Independiente,916.27
CLI-00372,11,40,Formal,981.08
CLI-00373,2,40,Formal,527.53
CLI-00374,6,57,Formal,2362.46
CLI-00375,5,34,Formal,1851.47
CLI-00376,5,54,Formal,1092.11
CLI-00377,13,43,Formal,1807.08
CLI-00378,2,36,Formal,2374.83
CLI-00379,7,41,Formal,615.31
CLI-00380,6,25,Formal,2423.76
CLI-00381,5,45,Independiente,827.26
CLI-00382,1,46,Formal,2227.32
CLI-00383,6,28,Formal,2074.66
CLI-00384,12,51,Formal,1790.48
CLI-00385,5,45,Independiente,795.49
CLI-00386,3,29,Formal,2222.19
CLI-00387,14,32,Independiente,721.53
CLI-00388,2,57,Independiente,768.89
CLI-00389,6,37,Independiente,1449.2
CLI-00390,5,20,Independiente,513.46
CLI-00391,6,35,Formal,1730.83
CLI-00392,6,39,Formal,1228.2
CLI-00393,6,55,Formal,892.72
CLI-00394,2,34,Formal,1708.54
CLI-00395,6,46,Formal,2399.08
CLI-00396,11,48,Independiente,786.44
CLI-00397,5,57,Formal,931.82
CLI-00398,6,43,Formal,2111.01
CLI-00399,6,67,Jubilado,972.12
CLI-00400,6,34,Independiente,665.7
CLI-00401,12,41,Formal,1416.7
CLI-00402,3,24,Formal,954.1
CLI-00403,5,48,Formal,1541.46
CLI-00404,5,38,Formal,1251.8
CLI-00405,13,49,Independiente,588.72
CLI-00406,6,33,Formal,803.94
CLI-00407,5,61,Independiente,1498.42
CLI-00408,5,21,Formal,1196.9
CLI-00409,6,33,Formal,1671.35
CLI-00410,9,28,Independiente,1345.27
CLI-00411,6,28,Formal,2021.48
CLI-00412,6,24,Formal,991.6
CLI-00413,10,30,Formal,2103.82
CLI-00414,8,25,Formal,769.47
CLI-00415,7,40,Independiente,483.21
CLI-00416,1,48,Formal,848.87
CLI-00417,6,33,Formal,1656.51
CLI-00418,6,57,Jubilado,809.87
CLI-00419,6,59,Formal,1927.0
CLI-00420,1,39,Formal,1674.7
CLI-00421,5,64,Independiente,463.08
CLI-00422,2,22,Independiente,860.47
CLI-00423,5,59,Formal,564.4
CLI-00424,6,25,Formal,565.46
CLI-00425,6,28,Formal,1773.82
CLI-00426,6,23,Formal,815.88
CLI-00427,2,58,Formal,1580.19
CLI-00428,7,28,Formal,1627.39
CLI-00429,2,69,Jubilado,524.67
CLI-00430,6,36,Formal,422.57
CLI-00431,5,57,Jubilado,1047.57
CLI-00432,5,25,Formal,1953.33
CLI-00433,8,50,Formal,1503.59
CLI-00434,6,59,Formal,2218.55
CLI-00435,6,54,Formal,551.27
CLI-00436,2,22,Formal,1212.29
CLI-00437,5,21,Formal,1055.49
CLI-00438,5,24,Formal,2236.54
CLI-00439,3,34,Independiente,1590.32
CLI-00440,11,58,Formal,2120.3
CLI-00441,5,49,Independiente,1255.96
CLI-00442,3,34,Formal,588.31
CLI-00443,5,22,Formal,885.12
CLI-00444,12,30,Formal,2130.76
CLI-00445,2,55,Independiente,1113.87
CLI-00446,2,22,Independiente,1541.7
CLI-00447,10,53,Independiente,449.19
CLI-00448,1,24,Formal,586.33
CLI-00449,8,48,Formal,1068.58
CLI-00450,6,26,Formal,420.69
CLI-00451,1,43,Formal,736.21
CLI-00452,2,29,Independiente,626.52
CLI-00453,6,50,Independiente,1223.37
CLI-00454,13,55,Formal,575.23
CLI-00455,8,27,Formal,1859.7
CLI-00456,2,59,Formal,896.1
CLI-00457,5,49,Formal,1717.7
CLI-00458,6,57,Formal,2264.14
CLI-00459,6,27,Formal,1513.05
CLI-00460,6,42,Formal,2424.75
CLI-00461,5,41,Formal,459.92
CLI-00462,5,58,Independiente,1129.4
CLI-00463,5,64,Independiente,1570.2
CLI-00464,9,58,Jubilado,647.41
CLI-00465,5,41,Formal,2176.26
CLI-00466,2,24,Formal,2218.49
CLI-00467,5,54,Independiente,829.22
CLI-00468,5,41,Formal,2408.94
CLI-00469,2,29,Formal,2381.09
CLI-00470,9,53,Formal,2169.01
CLI-00471,1,40,Independiente,1384.04
CLI-00472,6,42,Formal,1744.27
CLI-00473,6,44,Formal,2255.52
CLI-00474,2,59,Jubilado,414.44
CLI-00475,1,20,Independiente,454.02
CLI-00476,2,25,Formal,1477.84
CLI-00477,5,56,Formal,1147.38
CLI-00478,8,47,Independiente,803.23
CLI-00479,5,52,Formal,562.92
CLI-00480,5,48,Formal,2289.71
CLI-00481,8,29,Formal,1214.43
CLI-00482,4,24,Formal,2031.24
CLI-00483,6,30,Formal,2081.33
CLI-00484,5,67,Jubilado,799.34
CLI-00485,7,53,Independiente,523.2
CLI-00486,5,63,Jubilado,647.96
CLI-00487,6,45,Formal,760.46
CLI-00488,5,66,Jubilado,522.18
CLI-00489,11,55,Formal,1816.63
CLI-00490,5,31,Independiente,1499.87
CLI-00491,5,40,Independiente,1573.32
CLI-00492,7,43,Formal,1784.82
CLI-00493,3,45,Formal,2369.77
CLI-00494,2,49,Formal,1845.42
CLI-00495,2,69,Jubilado,744.21
CLI-00496,11,62,Independiente,1301.36
CLI-00497,7,39,Formal,735.26
CLI-00498,2,45,Formal,2003.13
CLI-00499,3,36,Formal,2108.44
CLI-00500,7,23,Independiente,487.48
CLI-00501,5,62,Independiente,749.0
CLI-00502,7,46,Independiente,597.21
CLI-00503,5,55,Independiente,371.46
CLI-00504,8,37,Formal,442.95
CLI-00505,7,39,Independiente,768.76
CLI-00506,3,39,Formal,2492.38
CLI-00507,5,40,Formal,2043.23
CLI-00508,4,58,Formal,1278.25
CLI-00509,6,58,Formal,767.12
CLI-00510,3,37,Formal,1643.46
CLI-00511,6,44,Formal,636.61
CLI-00512,4,43,Independiente,1200.44
CLI-00513,9,39,Formal,1456.37
CLI-00514,2,32,Formal,2052.59
CLI-00515,6,38,Independiente,908.65
CLI-00516,3,53,Formal,604.29
CLI-00517,4,31,Formal,1945.92
CLI-00518,5,26,Formal,1743.25
CLI-00519,8,26,Formal,2481.54
CLI-00520,7,45,Independiente,1090.9
CLI-00521,3,23,Formal,474.49
CLI-00522,1,64,Independiente,1226.62
CLI-00523,12,38,Independiente,685.23
CLI-00524,5,48,Independiente,935.24
CLI-00525,6,25,Formal,1888.52
CLI-00526,6,59,Formal,1452.64
CLI-00527,6,25,Independiente,435.74
CLI-00528,4,51,Formal,2339.06
CLI-00529,6,44,Formal,538.67
CLI-00530,5,55,Formal,993.27
CLI-00531,8,70,Jubilado,926.77
CLI-00532,6,63,Independiente,558.13
CLI-00533,11,38,Formal,2305.39
CLI-00534,2,53,Formal,2025.46
CLI-00535,2,52,Formal,1800.68
CLI-00536,12,27,Formal,1238.37
CLI-00537,10,33,Independiente,1267.56
CLI-00538,13,23,Formal,1928.32
CLI-00539,3,45,Formal,2389.83
CLI-00540,12,53,Formal,734.59
CLI-00541,4,27,Formal,1842.21
CLI-00542,6,56,Jubilado,670.86
CLI-00543,6,36,Independiente,1121.93
CLI-00544,4,29,Independiente,569.73
CLI-00545,12,21,Independiente,485.49
CLI-00546,11,59,Formal,1554.5
CLI-00547,2,30,Formal,2454.37
CLI-00548,8,52,Formal,957.93
CLI-00549,3,42,Formal,457.33
CLI-00550,2,47,Independiente,680.53
CLI-00551,12,48,Formal,2025.79
CLI-00552,1,23,Formal,2311.18
CLI-00553,6,26,Formal,1193.62
CLI-00554,6,39,Formal,1337.43
CLI-00555,3,28,Formal,1017.25
CLI-00556,8,41,Formal,1069.69
CLI-00557,6,38,Formal,748.55
CLI-00558,6,26,Independiente,1122.64
CLI-00559,5,62,Independiente,1579.65
CLI-00560,3,28,Formal,2279.5
CLI-00561,6,24,Formal,2081.07
CLI-00562,12,28,Independiente,1357.45
CLI-00563,6,67,Jubilado,1088.56
CLI-00564,6,24,Formal,2493.92
CLI-00565,13,46,Independiente,1213.27
CLI-00566,2,40,Formal,2271.74
CLI-00567,2,47,Independiente,1424.85
CLI-00568,9,39,Formal,1999.93
CLI-00569,13,63,Independiente,932.19
CLI-00570,5,23,Formal,2250.03
CLI-00571,6,48,Formal,2138.03
CLI-00572,2,54,Formal,1143.72
CLI-00573,6,42,Independiente,1131.85
CLI-00574,5,30,Independiente,1407.02
CLI-00575,5,36,Formal,641.19
CLI-00576,5,59,Formal,767.63
CLI-00577,6,57,Jubilado,879.79
CLI-00578,6,41,Formal,489.03
CLI-00579,5,33,Independiente,1480.96
CLI-00580,5,32,Independiente,1475.08
CLI-00581,6,46,Independiente,1057.14
CLI-00582,2,58,Formal,891.6
CLI-00583,5,39,Formal,2451.74
CLI-00584,2,45,Formal,1296.6
CLI-00585,1,70,Jubilado,889.54
CLI-00586,13,38,Independiente,1359.06
CLI-00587,1,63,Jubilado,599.42
CLI-00588,10,34,Formal,874.36
CLI-00589,2,37,Formal,923.14
CLI-00590,1,45,Formal,2135.03
CLI-00591,2,34,Formal,1965.84
CLI-00592,2,27,Independiente,1448.42
CLI-00593,5,36,Formal,918.18
CLI-00594,8,55,Formal,976.98
CLI-00595,8,41,Formal,552.37
CLI-00596,10,53,Formal,1954.14
CLI-00597,6,55,Formal,2144.92
CLI-00598,11,43,Formal,1315.29
CLI-00599,5,35,Formal,1672.0
CLI-00600,12,41,Formal,1733.12
CLI-00601,6,23,Independiente,1200.39
CLI-00602,2,32,Formal,1434.35
CLI-00603,6,56,Jubilado,720.49
CLI-00604,13,58,Formal,567.54
CLI-00605,5,32,Formal,1676.47
CLI-00606,12,21,Formal,1356.97
CLI-00607,6,34,Formal,1690.42
CLI-00608,5,33,Formal,1536.98
CLI-00609,11,28,Formal,496.38
CLI-00610,2,41,Formal,1332.16
CLI-00611,4,29,Formal,2118.7
CLI-00612,5,40,Independiente,791.35
CLI-00613,6,32,Independiente,1199.14
CLI-00614,2,21,Formal,1230.93
CLI-00615,6,64,Independiente,1115.76
CLI-00616,5,58,Independiente,1543.23
CLI-00617,6,42,Independiente,1251.2
CLI-00618,10,40,Formal,1848.11
CLI-00619,2,56,Formal,1187.63
CLI-00620,2,40,Formal,2292.67
CLI-00621,5,59,Formal,1278.36
CLI-00622,6,31,Formal,1665.28
CLI-00623,6,29,Formal,1694.15
CLI-00624,11,46,Independiente,1280.11
CLI-00625,6,49,Independiente,540.54
CLI-00626,1,55,Formal,1353.61
CLI-00627,2,57,Formal,675.85
CLI-00628,6,43,Formal,2118.78
CLI-00629,2,38,Formal,1260.11
CLI-00630,2,58,Formal,2061.09
CLI-00631,6,22,Independiente,920.9
CLI-00632,6,42,Independiente,758.8
CLI-00633,6,56,Formal,1237.39
CLI-00634,6,48,Formal,1315.5
CLI-00635,3,20,Independiente,1534.11
CLI-00636,5,38,Formal,1744.76
CLI-00637,5,31,Formal,1067.33
CLI-00638,6,54,Formal,2170.78
CLI-00639,6,51,Formal,1851.61
CLI-00640,3,44,Formal,1471.35
CLI-00641,12,47,Formal,854.44
CLI-00642,12,26,Formal,1992.92
CLI-00643,6,57,Formal,2157.8
CLI-00644,5,55,Formal,2267.88
CLI-00645,6,48,Independiente,721.18
CLI-00646,12,52,Formal,1128.01
CLI-00647,6,33,Formal,1546.75
CLI-00648,8,22,Independiente,738.38
CLI-00649,5,41,Formal,1132.29
CLI-00650,5,61,Jubilado,772.28
CLI-00651,3,55,Formal,733.08
CLI-00652,9,37,Formal,1947.92
CLI-00653,5,44,Formal,1710.97
CLI-00654,4,48,Formal,2193.32
CLI-00655,6,46,Independiente,1488.18
CLI-00656,6,32,Formal,499.0
CLI-00657,7,25,Formal,2071.96
CLI-00658,5,31,Independiente,1562.47
CLI-00659,12,52,Formal,1443.22
CLI-00660,5,31,Formal,842.7
CLI-00661,8,31,Formal,2330.97
CLI-00662,5,33,Independiente,928.13
CLI-00663,6,24,Formal,2097.71
CLI-00664,6,62,Jubilado,994.85
CLI-00665,6,51,Independiente,661.87
CLI-00666,5,25,Formal,1481.7
CLI-00667,6,70,Jubilado,929.07
CLI-00668,12,23,Formal,1860.47
CLI-00669,2,36,Formal,2125.18
CLI-00670,5,49,Independiente,1547.45
CLI-00671,1,62,Jubilado,1096.15
CLI-00672,2,23,Formal,1954.77
CLI-00673,10,56,Independiente,372.0
CLI-00674,12,28,Independiente,1311.15
CLI-00675,11,43,Formal,1434.27
CLI-00676,2,50,Formal,470.96
CLI-00677,5,34,Formal,2101.13
CLI-00678,12,39,Formal,1506.96
CLI-00679,5,54,Formal,2072.59
CLI-00680,6,22,Formal,1897.03
CLI-00681,6,54,Formal,1004.49
CLI-00682,9,61,Jubilado,723.03
CLI-00683,4,33,Formal,1675.27
CLI-00684,5,42,Formal,810.71
CLI-00685,6,29,Independiente,1088.54
CLI-00686,6,52,Formal,1514.66
CLI-00687,6,44,Formal,1023.14
CLI-00688,6,43,Formal,1918.96
CLI-00689,5,54,Formal,698.36
CLI-00690,6,32,Formal,1257.09
CLI-00691,2,49,Formal,517.45
CLI-00692,5,42,Independiente,1085.33
CLI-00693,6,49,Formal,2356.25
CLI-00694,10,29,Formal,2172.84
CLI-00695,5,34,Independiente,1529.59
CLI-00696,5,32,Formal,1824.29
CLI-00697,2,49,Formal,1226.31
CLI-00698,6,29,Independiente,536.81
CLI-00699,5,56,Independiente,1558.07
CLI-00700,8,69,Jubilado,1059.67
CLI-00701,5,39,Formal,1759.83
CLI-00702,2,59,Formal,1460.83
CLI-00703,6,38,Formal,1739.6
CLI-00704,8,27,Formal,2016.54
CLI-00705,5,50,Independiente,1253.77
CLI-00706,5,41,Independiente,631.44
CLI-00707,6,54,Formal,1241.05
CLI-00708,12,23,Formal,1076.5
CLI-00709,6,21,Formal,2271.65
CLI-00710,5,30,Formal,1551.12
CLI-00711,2,32,Independiente,833.18
CLI-00712,5,56,Formal,2393.6
CLI-00713,1,57,Independiente,1020.71
CLI-00714,6,45,Formal,2424.08
CLI-00715,6,39,Independiente,926.82
CLI-00716,5,48,Formal,2450.11
CLI-00717,2,50,Formal,1184.89
CLI-00718,3,52,Formal,1030.08
CLI-00719,8,32,Formal,422.82
CLI-00720,5,27,Formal,2248.85
CLI-00721,6,28,Formal,2049.05
CLI-00722,8,42,Formal,736.84
CLI-00723,12,48,Independiente,669.56
CLI-00724,6,42,Independiente,1194.48
CLI-00725,6,59,Jubilado,762.13
CLI-00726,6,52,Formal,577.26
CLI-00727,5,27,Formal,712.87
CLI-00728,6,64,Independiente,706.15
CLI-00729,13,24,Formal,1227.38
CLI-00730,6,58,Formal,1024.25
CLI-00731,6,60,Independiente,1217.15
CLI-00732,6,74,Jubilado,834.26
CLI-00733,6,58,Formal,1521.69
CLI-00734,5,41,Formal,2421.61
CLI-00735,6,72,Jubilado,773.74
CLI-00736,3,23,Formal,764.76
CLI-00737,6,53,Formal,704.96
CLI-00738,14,51,Formal,923.31
CLI-00739,12,55,Formal,1456.33
CLI-00740,5,66,Jubilado,566.87
CLI-00741,6,58,Formal,1714.47
CLI-00742,13,49,Formal,2308.43
CLI-00743,12,75,Jubilado,1066.09
CLI-00744,12,28,Formal,2028.03
CLI-00745,5,59,Formal,2045.21
CLI-00746,12,48,Independiente,981.14
CLI-00747,1,57,Formal,1204.13
CLI-00748,6,40,Independiente,639.26
CLI-00749,5,27,Independiente,1363.22
CLI-00750,5,49,Formal,1420.25
CLI-00751,6,29,Formal,739.92
CLI-00752,14,55,Jubilado,412.34
CLI-00753,8,40,Formal,608.7
CLI-00754,1,59,Formal,1620.41
CLI-00755,5,48,Independiente,1061.63
CLI-00756,5,20,Independiente,601.62
CLI-00757,12,30,Formal,2166.82
CLI-00758,7,21,Formal,784.46
CLI-00759,11,49,Formal,1317.27
CLI-00760,6,41,Formal,1494.73
CLI-00761,7,27,Formal,2279.72
CLI-00762,12,40,Independiente,1307.44
CLI-00763,10,64,Independiente,1095.05
CLI-00764,3,59,Formal,488.24
CLI-00765,6,35,Formal,2249.35
CLI-00766,6,47,Formal,2158.52
CLI-00767,5,43,Independiente,800.46
CLI-00768,10,43,Formal,514.44
CLI-00769,5,75,Jubilado,931.19
CLI-00770,1,26,Formal,533.64
CLI-00771,13,58,Formal,440.99
CLI-00772,6,41,Independiente,1265.74
CLI-00773,12,56,Formal,1963.14
CLI-00774,11,50,Formal,1096.61
CLI-00775,6,33,Independiente,519.82
CLI-00776,5,58,Jubilado,1089.1
CLI-00777,7,41,Formal,731.17
CLI-00778,5,30,Formal,463.0
CLI-00779,5,37,Formal,2400.62
CLI-00780,2,24,Formal,2394.35
CLI-00781,6,57,Formal,633.23
CLI-00782,6,56,Formal,2442.63
CLI-00783,6,35,Formal,1905.8
CLI-00784,6,61,Jubilado,992.34
CLI-00785,5,49,Formal,715.71
CLI-00786,4,22,Independiente,511.81
CLI-00787,8,64,Independiente,1534.66
CLI-00788,6,35,Formal,1473.88
CLI-00789,5,38,Independiente,1330.98
CLI-00790,2,52,Independiente,1563.27
CLI-00791,6,49,Formal,2119.63
CLI-00792,6,73,Jubilado,689.31
CLI-00793,5,33,Formal,2419.95
CLI-00794,6,70,Jubilado,474.83
CLI-00795,11,24,Formal,1720.06
CLI-00796,5,56,Independiente,452.55
CLI-00797,5,72,Jubilado,979.64
CLI-00798,12,36,Formal,758.66
CLI-00799,3,31,Formal,818.17
CLI-00800,5,59,Jubilado,907.54
CLI-00801,5,53,Formal,1014.38
CLI-00802,6,24,Independiente,454.06
CLI-00803,4,53,Formal,1754.81
CLI-00804,6,34,Formal,2044.47
CLI-00805,8,40,Formal,997.93
CLI-00806,5,28,Formal,560.41
CLI-00807,6,26,Formal,1559.39
CLI-00808,13,38,Formal,1885.47
CLI-00809,5,32,Formal,574.01
CLI-00810,6,55,Formal,978.55
CLI-00811,5,41,Independiente,542.77
CLI-00812,6,58,Formal,562.13
CLI-00813,6,38,Independiente,1135.21
CLI-00814,6,54,Formal,1883.89
CLI-00815,5,29,Formal,1889.79
CLI-00816,6,56,Formal,939.01
CLI-00817,1,39,Formal,640.28
CLI-00818,3,73,Jubilado,1015.76
CLI-00819,4,54,Formal,1196.99
CLI-00820,2,24,Formal,2367.44
CLI-00821,6,64,Jubilado,667.31
CLI-00822,10,52,Formal,866.51
CLI-00823,6,47,Formal,1321.85
CLI-00824,2,44,Independiente,901.02
CLI-00825,5,29,Formal,1331.84
CLI-00826,14,40,Formal,844.37
CLI-00827,6,51,Independiente,1490.73
CLI-00828,1,25,Formal,580.46
CLI-00829,12,23,Formal,867.92
CLI-00830,6,50,Formal,2399.1
CLI-00831,10,38,Independiente,974.47
CLI-00832,5,22,Independiente,1126.73
CLI-00833,7,27,Independiente,449.55
CLI-00834,5,60,Jubilado,955.8
CLI-00835,5,52,Independiente,1470.75
CLI-00836,6,40,Independiente,873.0
CLI-00837,11,58,Formal,1309.41
CLI-00838,6,57,Formal,2050.69
CLI-00839,5,31,Formal,1665.6
CLI-00840,4,27,Formal,536.85
CLI-00841,6,69,Jubilado,582.35
CLI-00842,6,21,Formal,2341.98
CLI-00843,2,30,Formal,2380.47
CLI-00844,7,39,Independiente,916.06
CLI-00845,9,32,Formal,939.91
CLI-00846,6,41,Formal,1964.46
CLI-00847,2,64,Independiente,745.13
CLI-00848,12,58,Jubilado,835.2
CLI-00849,5,36,Formal,2242.74
CLI-00850,2,55,Formal,1145.69
CLI-00851,6,42,Independiente,1399.82
CLI-00852,11,41,Independiente,730.49
CLI-00853,6,52,Formal,1863.42
CLI-00854,4,37,Formal,1960.5
CLI-00855,11,38,Formal,1037.32
CLI-00856,6,52,Formal,2272.98
CLI-00857,5,56,Formal,666.3
CLI-00858,4,59,Formal,540.08
CLI-00859,5,35,Formal,1978.73
CLI-00860,6,63,Jubilado,679.36
CLI-00861,5,30,Formal,1276.68
CLI-00862,7,54,Formal,1276.87
CLI-00863,11,33,Formal,1868.98
CLI-00864,6,61,Jubilado,482.85
CLI-00865,6,25,Formal,2010.79
CLI-00866,6,58,Independiente,882.8
CLI-00867,1,44,Independiente,1196.46
CLI-00868,5,62,Independiente,1215.46
CLI-00869,5,48,Formal,1870.33
CLI-00870,7,42,Formal,2174.12
CLI-00871,6,27,Formal,1358.69
CLI-00872,3,64,Independiente,963.17
CLI-00873,1,38,Formal,2295.69
CLI-00874,4,42,Formal,1416.86
CLI-00875,3,34,Independiente,447.21
CLI-00876,6,22,Formal,1487.81
CLI-00877,13,49,Formal,1582.84
CLI-00878,5,34,Formal,1194.87
CLI-00879,2,31,Formal,1786.0
CLI-00880,6,22,Formal,1796.3
CLI-00881,6,54,Formal,2027.44
CLI-00882,6,28,Formal,1306.23
CLI-00883,6,59,Formal,1829.14
CLI-00884,7,39,Formal,1710.59
CLI-00885,7,29,Formal,1141.68
CLI-00886,5,36,Formal,1998.13
CLI-00887,6,55,Independiente,1417.94
CLI-00888,6,31,Independiente,950.29
CLI-00889,6,28,Formal,1644.09
CLI-00890,3,22,Formal,1303.69
CLI-00891,12,35,Formal,1580.49
CLI-00892,6,46,Formal,1357.61
CLI-00893,12,58,Formal,1529.16
CLI-00894,6,20,Independiente,1017.97
CLI-00895,10,33,Formal,1781.79
CLI-00896,10,35,Formal,2129.03
CLI-00897,6,74,Jubilado,937.04
CLI-00898,7,28,Formal,484.79
CLI-00899,5,41,Formal,2268.01
CLI-00900,10,26,Formal,1312.29
CLI-00901,4,49,Formal,1327.75
CLI-00902,6,28,Formal,937.94
CLI-00903,6,47,Formal,2497.7
CLI-00904,5,51,Independiente,1197.71
CLI-00905,1,51,Formal,503.93
CLI-00906,5,31,Formal,1169.69
CLI-00907,8,55,Formal,452.75
CLI-00908,1,51,Independiente,746.56
CLI-00909,2,55,Formal,2371.9
CLI-00910,5,39,Formal,1628.38
CLI-00911,14,62,Independiente,1200.01
CLI-00912,2,39,Formal,2226.29
CLI-00913,5,48,Formal,1517.57
CLI-00914,4,66,Jubilado,735.79
CLI-00915,11,58,Formal,1653.77
CLI-00916,2,38,Formal,1173.86
CLI-00917,11,31,Formal,768.1
CLI-00918,6,44,Independiente,1166.07
CLI-00919,5,27,Formal,1666.55
CLI-00920,3,41,Independiente,1080.96
CLI-00921,6,72,Jubilado,393.78
CLI-00922,8,35,Formal,2163.36
CLI-00923,9,57,Jubilado,840.1
CLI-00924,12,21,Independiente,1072.17
CLI-00925,5,65,Jubilado,806.84
CLI-00926,5,28,Formal,558.38
CLI-00927,5,39,Independiente,1453.0
CLI-00928,11,26,Independiente,984.45
CLI-00929,13,46,Independiente,1275.72
CLI-00930,5,54,Independiente,612.68
CLI-00931,4,50,Independiente,1567.13
CLI-00932,6,49,Independiente,523.0
CLI-00933,5,32,Formal,2119.31
CLI-00934,11,73,Jubilado,777.35
CLI-00935,8,54,Formal,1407.9
CLI-00936,2,74,Jubilado,695.69
CLI-00937,6,62,Jubilado,462.39
CLI-00938,1,31,Formal,1098.61
CLI-00939,5,30,Formal,953.44
CLI-00940,5,51,Independiente,1569.59
CLI-00941,3,37,Independiente,788.17
CLI-00942,11,43,Formal,625.05
CLI-00943,10,51,Independiente,557.64
CLI-00944,6,43,Independiente,1135.64
CLI-00945,5,37,Formal,1338.83
CLI-00946,13,54,Formal,1373.54
CLI-00947,6,32,Formal,2036.26
CLI-00948,11,59,Formal,1590.11
CLI-00949,8,75,Jubilado,732.36
CLI-00950,7,58,Formal,2163.52
CLI-00951,5,37,Independiente,517.19
CLI-00952,6,52,Formal,682.08
CLI-00953,3,59,Jubilado,747.31
CLI-00954,7,34,Formal,1761.07
CLI-00955,4,45,Formal,1962.53
CLI-00956,5,48,Formal,763.83
CLI-00957,11,54,Formal,2298.64
CLI-00958,6,28,Formal,1192.03
CLI-00959,8,30,Formal,1184.17
CLI-00960,2,51,Formal,1612.3
CLI-00961,5,63,Jubilado,561.91
CLI-00962,6,42,Formal,1983.49
CLI-00963,6,40,Formal,1203.18
CLI-00964,5,21,Formal,1150.54
CLI-00965,2,47,Formal,503.32
CLI-00966,5,46,Formal,2054.49
CLI-00967,6,48,Formal,2002.0
CLI-00968,3,38,Formal,1486.88
CLI-00969,6,72,Jubilado,666.46
CLI-00970,10,41,Formal,2006.82
CLI-00971,2,39,Formal,1699.47
CLI-00972,12,51,Formal,676.67
CLI-00973,6,29,Formal,2165.5
CLI-00974,3,54,Formal,868.24
CLI-00975,5,34,Formal,2323.13
CLI-00976,3,66,Jubilado,653.42
CLI-00977,9,31,Formal,1602.41
CLI-00978,6,49,Formal,2201.51
CLI-00979,10,72,Jubilado,609.0
CLI-00980,7,28,Formal,2032.51
CLI-00981,5,41,Formal,2419.9
CLI-00982,6,71,Jubilado,850.44
CLI-00983,3,58,Formal,2390.1
CLI-00984,11,45,Independiente,1492.47
CLI-00985,5,52,Formal,1549.48
CLI-00986,5,39,Formal,1068.71
CLI-00987,5,48,Formal,962.98
CLI-00988,5,31,Independiente,594.38
CLI-00989,5,66,Jubilado,498.72
CLI-00990,5,50,Independiente,550.83
CLI-00991,12,54,Formal,813.94
CLI-00992,1,29,Formal,1982.45
CLI-00993,7,23,Formal,1032.07
CLI-00994,2,71,Jubilado,384.95
CLI-00995,4,45,Independiente,1250.64
CLI-00996,11,32,Formal,2311.08
CLI-00997,5,20,Independiente,908.47
CLI-00998,6,75,Jubilado,689.57
CLI-00999,10,53,Formal,663.2
CLI-01000,6,68,Jubilado,809.18
