id_prestamo,id_cliente,monto_otorgado,tasa_interes,plazo_meses,cuota_programada,monto_pagado,saldo_pendiente,dias_atraso,estado_credito,fecha_desembolso,fecha_ultimo_pago,num_atrasos_historicos,cuotas_amortizadas
PREST-00001,CLI-00001,3857.52,14.36,72,80.23,1845.29,2012.23,0,Al día,2026-08-21,2026-08-31,0,23
PREST-00002,CLI-00002,5067.62,12.99,18,311.37,934.11,4133.51,0,Al día,2025-07-05,2025-10-03,0,3
PREST-00003,CLI-00003,3576.05,18.18,6,628.01,628.01,2948.04,0,Al día,2026-06-08,2026-07-08,0,1
PREST-00004,CLI-00004,5030.23,21.4,60,137.22,686.1,4344.13,0,Al día,2025-08-07,2026-01-04,0,5
PREST-00005,CLI-00005,7644.72,28.91,60,242.24,6782.72,862.0,0,Al día,2024-04-17,2026-08-05,0,28
PREST-00006,CLI-00006,1146.77,14.55,60,27.01,594.22,552.55,0,Al día,2026-01-01,2026-08-31,1,22
PREST-00007,CLI-00007,8365.25,16.6,84,169.02,5239.62,3125.63,0,Al día,2025-07-17,2026-08-31,0,31
PREST-00008,CLI-00008,523.45,22.8,36,20.21,20.21,503.24,0,Al día,2026-01-30,2026-03-01,0,1
PREST-00009,CLI-00009,5036.58,18.94,30,212.06,636.18,4400.4,22,Atrasado,2024-07-26,2024-10-24,2,3
PREST-00010,CLI-00010,3272.99,29.43,6,593.27,1186.54,2086.45,0,Al día,2026-04-28,2026-06-27,0,2
PREST-00011,CLI-00011,3238.34,31.95,18,228.79,1372.74,1865.6,0,Al día,2025-05-23,2025-11-19,0,6
PREST-00012,CLI-00012,3453.81,21.29,30,149.47,747.35,2706.46,0,Al día,2025-07-23,2025-12-20,0,5
PREST-00013,CLI-00013,5907.7,22.99,84,142.03,852.18,5055.52,180,Vencido,2025-12-10,2026-06-08,5,6
PREST-00014,CLI-00014,5664.11,25.05,24,302.44,2117.08,3547.03,0,Al día,2025-01-18,2025-08-16,0,7
PREST-00015,CLI-00015,2260.97,22.54,18,149.2,596.8,1664.17,0,Al día,2025-11-05,2026-03-05,0,4
PREST-00016,CLI-00016,3606.3,30.09,60,116.88,818.16,2788.14,0,Al día,2024-12-28,2025-07-26,0,7
PREST-00017,CLI-00017,8190.54,20.94,24,420.63,2103.15,6087.39,0,Al día,2026-05-29,2026-08-31,0,5
PREST-00018,CLI-00018,2079.04,17.27,60,51.97,1559.1,519.94,0,Al día,2025-01-22,2026-08-31,0,30
PREST-00019,CLI-00019,3737.3,14.45,12,336.35,1009.05,2728.25,0,Al día,2024-06-07,2024-09-05,0,3
PREST-00020,CLI-00020,8156.57,15.68,60,196.97,1378.79,6777.78,0,Al día,2024-05-04,2024-11-30,0,7
PREST-00021,CLI-00021,5464.53,19.98,84,121.28,3517.12,1947.41,0,Al día,2025-02-26,2026-08-31,0,29
PREST-00022,CLI-00022,6298.27,29.88,48,226.34,3168.76,3129.51,6,Atrasado,2025-09-11,2026-08-31,2,14
PREST-00023,CLI-00023,3408.13,32.0,84,102.07,3237.72,170.41,40,Atrasado,2025-04-01,2026-08-31,2,32
PREST-00024,CLI-00024,2829.44,23.97,60,81.35,894.85,1934.59,0,Al día,2026-03-21,2026-08-31,0,11
PREST-00025,CLI-00025,8322.51,33.2,24,479.15,2874.9,5447.61,0,Al día,2025-05-18,2025-11-14,0,6
PREST-00026,CLI-00026,6904.53,32.75,24,395.89,4354.79,2549.74,0,Al día,2025-05-29,2026-04-24,0,11
PREST-00027,CLI-00027,8480.51,14.99,6,1475.85,1475.85,7004.66,0,Al día,2026-03-01,2026-03-31,0,1
PREST-00028,CLI-00028,838.68,31.35,30,40.67,569.38,269.3,0,Al día,2024-10-07,2025-12-01,0,14
PREST-00029,CLI-00029,1613.85,14.52,72,33.71,842.75,771.1,58,Atrasado,2024-11-29,2026-08-31,2,25
PREST-00030,CLI-00030,1608.92,18.39,84,34.18,717.78,891.14,0,Al día,2024-08-01,2026-04-23,0,21
PREST-00031,CLI-00031,8292.46,13.68,12,743.31,4459.86,3832.6,132,Vencido,2024-11-26,2025-05-25,3,6
PREST-00032,CLI-00032,3744.03,10.73,18,226.12,1356.72,2387.31,0,Al día,2026-08-10,2026-08-31,0,6
PREST-00033,CLI-00033,6756.45,17.7,84,140.82,5491.98,1264.47,0,Al día,2026-01-27,2026-08-31,0,39
PREST-00034,CLI-00034,4762.43,16.97,60,118.28,946.24,3816.19,136,Vencido,2026-06-10,2026-08-31,4,8
PREST-00035,CLI-00035,3794.19,30.06,6,688.95,688.95,3105.24,0,Al día,2025-06-03,2025-07-03,0,1
PREST-00036,CLI-00036,7929.27,12.74,36,266.18,4258.88,3670.39,0,Al día,2026-02-20,2026-08-31,1,16
PREST-00037,CLI-00037,6470.24,11.71,30,249.83,3497.62,2972.62,15,Atrasado,2025-03-11,2026-05-05,3,14
PREST-00038,CLI-00038,1623.21,23.94,30,72.43,434.58,1188.63,29,Atrasado,2026-04-10,2026-08-31,1,6
PREST-00039,CLI-00039,3260.81,20.1,12,302.22,1511.1,1749.71,0,Al día,2026-02-25,2026-07-25,0,5
PREST-00040,CLI-00040,6016.74,15.05,36,208.72,3130.8,2885.94,0,Al día,2026-07-20,2026-08-31,1,15
PREST-00041,CLI-00041,1301.31,13.11,36,43.92,395.28,906.03,0,Al día,2024-10-14,2025-07-11,0,9
PREST-00042,CLI-00042,7059.67,19.83,24,358.72,2152.32,4907.35,0,Al día,2026-08-11,2026-08-31,0,6
PREST-00043,CLI-00043,586.5,33.76,84,18.28,73.12,513.38,0,Al día,2024-05-26,2024-09-23,0,4
PREST-00044,CLI-00044,1686.31,18.77,18,108.22,324.66,1361.65,0,Al día,2025-08-29,2025-11-27,1,3
PREST-00045,CLI-00045,4134.99,25.06,24,220.82,1766.56,2368.43,0,Al día,2026-02-23,2026-08-31,0,8
PREST-00046,CLI-00046,4405.83,25.65,48,147.69,1624.59,2781.24,178,Vencido,2026-06-05,2026-08-31,2,11
PREST-00047,CLI-00047,1116.28,24.68,12,105.92,317.76,798.52,0,Al día,2024-12-13,2025-03-13,0,3
PREST-00048,CLI-00048,1899.07,25.82,30,86.57,692.56,1206.51,2,Atrasado,2026-02-10,2026-08-31,2,8
PREST-00049,CLI-00049,1143.31,13.46,60,26.28,78.84,1064.47,0,Al día,2024-01-12,2024-04-11,1,3
PREST-00050,CLI-00050,1544.56,31.41,36,66.77,400.62,1143.94,0,Al día,2026-03-06,2026-08-31,0,6
PREST-00051,CLI-00051,6602.37,15.82,84,130.46,5348.86,1253.51,0,Al día,2025-01-08,2026-08-31,0,41
PREST-00052,CLI-00052,2093.45,11.91,36,69.44,624.96,1468.49,0,Al día,2024-12-01,2025-08-28,0,9
PREST-00053,CLI-00053,3098.81,21.75,12,289.66,579.32,2519.49,0,Al día,2024-07-19,2024-09-17,0,2
PREST-00054,CLI-00054,5406.4,29.46,24,300.79,902.37,4504.03,0,Al día,2025-09-27,2025-12-26,0,3
PREST-00055,CLI-00055,6238.89,22.08,12,584.17,2920.85,3318.04,0,Al día,2025-06-10,2025-11-07,1,5
PREST-00056,CLI-00056,7601.15,24.06,48,248.06,3472.84,4128.31,0,Al día,2026-05-18,2026-08-31,0,14
PREST-00057,CLI-00057,5227.48,18.51,84,111.44,4011.84,1215.64,0,Al día,2025-11-15,2026-08-31,0,36
PREST-00058,CLI-00058,2705.5,22.85,24,141.49,565.96,2139.54,0,Al día,2024-05-27,2024-09-24,0,4
PREST-00059,CLI-00059,8056.58,17.45,30,333.29,4666.06,3390.52,0,Al día,2026-01-12,2026-08-31,0,14
PREST-00060,CLI-00060,433.2,27.63,6,78.13,234.39,198.81,0,Al día,2025-07-11,2025-10-09,0,3
PREST-00061,CLI-00061,1403.53,12.72,72,27.97,139.85,1263.68,0,Al día,2024-04-18,2024-09-15,0,5
PREST-00062,CLI-00062,7632.97,25.66,6,1369.05,4107.15,3525.82,0,Al día,2024-04-19,2024-07-18,0,3
PREST-00063,CLI-00063,405.76,23.2,60,11.49,57.45,348.31,174,Vencido,2024-07-19,2024-12-16,4,5
PREST-00064,CLI-00064,4835.52,29.59,36,204.19,1633.52,3202.0,0,Al día,2024-09-03,2025-05-01,1,8
PREST-00065,CLI-00065,4236.39,13.74,48,115.21,2534.62,1701.77,178,Vencido,2025-12-30,2026-08-31,4,22
PREST-00066,CLI-00066,839.66,31.45,18,59.11,59.11,780.55,58,Atrasado,2026-04-28,2026-05-28,1,1
PREST-00067,CLI-00067,4310.09,30.7,60,141.3,423.9,3886.19,0,Al día,2024-07-06,2024-10-04,0,3
PREST-00068,CLI-00068,1352.27,24.09,24,71.56,286.24,1066.03,73,Atrasado,2024-08-30,2024-12-28,3,4
PREST-00069,CLI-00069,4399.66,27.66,72,125.8,2767.6,1632.06,0,Al día,2024-02-12,2025-12-03,0,22
PREST-00070,CLI-00070,1909.21,13.45,84,35.2,809.6,1099.61,0,Al día,2024-10-25,2026-08-31,0,23
PREST-00071,CLI-00071,2578.33,28.63,60,81.26,975.12,1603.21,0,Al día,2024-07-25,2025-07-20,0,12
PREST-00072,CLI-00072,4763.63,15.99,84,94.59,3216.06,1547.57,0,Al día,2025-03-02,2026-08-31,1,34
PREST-00073,CLI-00073,2528.65,19.88,24,128.55,128.55,2400.1,0,Al día,2026-05-16,2026-06-15,0,1
PREST-00074,CLI-00074,6941.38,24.2,36,273.06,1911.42,5029.96,97,Vencido,2024-11-12,2025-06-10,4,7
PREST-00075,CLI-00075,8471.84,26.96,36,345.68,1728.4,6743.44,0,Al día,2024-02-15,2024-07-14,0,5
PREST-00076,CLI-00076,6305.59,32.22,72,198.81,795.24,5510.35,54,Atrasado,2024-03-15,2024-07-13,1,4
PREST-00077,CLI-00077,7931.27,26.39,84,207.86,4780.78,3150.49,0,Al día,2025-03-04,2026-08-31,1,23
PREST-00078,CLI-00078,1287.67,24.24,72,34.09,647.71,639.96,0,Al día,2026-05-14,2026-08-31,0,19
PREST-00079,CLI-00079,4448.64,14.31,6,772.69,772.69,3675.95,0,Al día,2025-11-15,2025-12-15,0,1
PREST-00080,CLI-00080,1244.2,31.26,18,87.47,437.35,806.85,0,Al día,2025-07-29,2025-12-26,0,5
PREST-00081,CLI-00081,4051.03,19.83,48,122.91,2089.47,1961.56,0,Al día,2025-12-22,2026-08-31,0,17
PREST-00082,CLI-00082,1920.64,14.74,72,40.34,1089.18,831.46,0,Al día,2026-03-30,2026-08-31,0,27
PREST-00083,CLI-00083,2738.36,14.32,12,246.28,1477.68,1260.68,0,Al día,2025-12-30,2026-06-28,0,6
PREST-00084,CLI-00084,2062.32,11.49,12,182.74,548.22,1514.1,35,Atrasado,2024-10-18,2025-01-16,1,3
PREST-00085,CLI-00085,4730.29,12.36,72,93.37,1493.92,3236.37,0,Al día,2024-12-20,2026-04-14,0,16
PREST-00086,CLI-00086,1541.85,20.67,24,78.98,789.8,752.05,0,Al día,2026-08-01,2026-08-31,0,10
PREST-00087,CLI-00087,5110.32,29.97,36,216.86,867.44,4242.88,0,Al día,2025-06-13,2025-10-11,0,4
PREST-00088,CLI-00088,2817.17,15.09,6,490.41,980.82,1836.35,0,Al día,2026-01-18,2026-03-19,1,2
PREST-00089,CLI-00089,3531.92,24.68,60,103.0,3090.0,441.92,0,Al día,2024-12-22,2026-08-31,0,30
PREST-00090,CLI-00090,386.05,31.53,84,11.44,102.96,283.09,27,Atrasado,2024-09-02,2025-05-30,3,9
PREST-00091,CLI-00091,1006.28,29.64,6,182.51,365.02,641.26,0,Al día,2025-11-22,2026-01-21,0,2
PREST-00092,CLI-00092,497.7,13.24,12,44.51,178.04,319.66,0,Al día,2025-02-25,2025-06-25,1,4
PREST-00093,CLI-00093,2073.93,20.9,84,47.18,188.72,1885.21,0,Al día,2026-05-30,2026-08-31,0,4
PREST-00094,CLI-00094,4429.09,12.1,12,393.73,393.73,4035.36,6,Atrasado,2025-05-17,2025-06-16,2,1
PREST-00095,CLI-00095,5208.22,20.23,48,159.13,3659.99,1548.23,0,Al día,2025-03-08,2026-08-31,0,23
PREST-00096,CLI-00096,4987.18,14.84,30,199.99,2199.89,2787.29,0,Al día,2024-11-25,2025-10-21,0,11
PREST-00097,CLI-00097,4752.58,19.28,48,142.81,2713.39,2039.19,0,Al día,2026-02-16,2026-08-31,0,19
PREST-00098,CLI-00098,1958.81,19.59,36,72.39,217.17,1741.64,0,Al día,2026-06-22,2026-08-31,1,3
PREST-00099,CLI-00099,2519.08,15.06,24,122.21,977.68,1541.4,0,Al día,2026-05-04,2026-08-31,0,8
PREST-00100,CLI-00100,4567.69,33.87,72,149.01,1043.07,3524.62,0,Al día,2024-01-15,2024-08-12,1,7
PREST-00101,CLI-00101,6678.05,29.82,36,282.84,282.84,6395.21,0,Al día,2024-09-22,2024-10-22,0,1
PREST-00102,CLI-00102,8056.96,30.29,60,262.11,6552.75,1504.21,0,Al día,2025-04-09,2026-08-31,1,25
PREST-00103,CLI-00103,6831.17,28.28,72,198.0,1188.0,5643.17,0,Al día,2026-08-22,2026-08-31,0,6
PREST-00104,CLI-00104,8081.64,13.85,12,725.06,2900.24,5181.4,0,Al día,2024-06-27,2024-10-25,0,4
PREST-00105,CLI-00105,3015.4,28.5,72,87.82,2864.63,150.77,0,Al día,2024-03-08,2026-08-31,0,33
PREST-00106,CLI-00106,1752.07,12.81,18,107.51,860.08,891.99,96,Vencido,2025-03-07,2025-11-02,5,8
PREST-00107,CLI-00107,1240.98,22.02,30,54.16,812.4,428.58,0,Al día,2026-04-29,2026-08-31,0,15
PREST-00108,CLI-00108,5855.88,23.35,12,551.89,2759.45,3096.43,0,Al día,2024-04-23,2024-09-20,0,5
PREST-00109,CLI-00109,5447.51,25.72,18,367.96,2207.76,3239.75,143,Vencido,2025-07-10,2026-01-06,3,6
PREST-00110,CLI-00110,2142.19,19.88,18,138.61,1108.88,1033.31,86,Atrasado,2025-05-16,2026-01-11,3,8
PREST-00111,CLI-00111,1897.14,29.55,6,343.99,687.98,1209.16,52,Atrasado,2024-06-25,2024-08-24,1,2
PREST-00112,CLI-00112,8149.02,31.42,18,573.55,4014.85,4134.17,0,Al día,2024-11-05,2025-06-03,0,7
PREST-00113,CLI-00113,785.25,25.37,18,52.91,370.37,414.88,0,Al día,2024-08-01,2025-02-27,0,7
PREST-00114,CLI-00114,7512.73,31.82,72,234.9,5402.7,2110.03,0,Al día,2026-07-27,2026-08-31,0,23
PREST-00115,CLI-00115,6045.95,24.34,12,572.7,572.7,5473.25,0,Al día,2025-09-06,2025-10-06,0,1
PREST-00116,CLI-00116,4838.47,23.9,12,457.29,1371.87,3466.6,0,Al día,2025-11-12,2026-02-10,0,3
PREST-00117,CLI-00117,4178.83,11.52,36,137.84,1102.72,3076.11,0,Al día,2024-04-21,2024-12-17,0,8
PREST-00118,CLI-00118,1370.14,20.85,24,70.3,70.3,1299.84,0,Al día,2024-01-28,2024-02-27,0,1
PREST-00119,CLI-00119,4512.4,17.27,12,412.13,2060.65,2451.75,0,Al día,2025-07-03,2025-11-30,1,5
PREST-00120,CLI-00120,1048.73,17.99,12,96.14,192.28,856.45,114,Vencido,2026-08-17,2026-08-31,4,2
PREST-00121,CLI-00121,4814.36,20.07,18,311.96,311.96,4502.4,115,Vencido,2025-05-22,2025-06-21,2,1
PREST-00122,CLI-00122,1297.9,24.32,12,122.93,122.93,1174.97,0,Al día,2025-06-11,2025-07-11,0,1
PREST-00123,CLI-00123,2725.13,16.51,84,54.92,2196.8,528.33,0,Al día,2025-03-14,2026-08-31,0,40
PREST-00124,CLI-00124,3454.81,20.75,36,129.72,1167.48,2287.33,0,Al día,2024-02-17,2024-11-13,0,9
PREST-00125,CLI-00125,1754.08,27.49,84,47.23,1133.52,620.56,0,Al día,2026-01-25,2026-08-31,0,24
PREST-00126,CLI-00126,3255.08,24.71,24,173.26,1559.34,1695.74,0,Al día,2024-06-02,2025-02-27,0,9
PREST-00127,CLI-00127,7948.57,10.97,18,480.93,2404.65,5543.92,0,Al día,2026-02-26,2026-07-26,0,5
PREST-00128,CLI-00128,6923.29,31.32,24,391.82,3526.38,3396.91,164,Vencido,2024-01-08,2024-10-04,2,9
PREST-00129,CLI-00129,5535.61,18.01,72,126.29,1641.77,3893.84,0,Al día,2024-06-12,2025-07-07,0,13
PREST-00130,CLI-00130,4400.48,26.36,84,115.24,806.68,3593.8,163,Vencido,2024-05-09,2024-12-05,5,7
PREST-00131,CLI-00131,5879.93,32.39,48,219.96,3079.44,2800.49,175,Vencido,2024-06-27,2025-08-21,4,14
PREST-00132,CLI-00132,7567.56,14.06,12,679.68,3398.4,4169.16,0,Al día,2024-05-09,2024-10-06,0,5
PREST-00133,CLI-00133,8214.72,20.56,84,185.2,6482.0,1732.72,67,Atrasado,2025-08-16,2026-08-31,2,35
PREST-00134,CLI-00134,1993.96,17.86,30,82.89,248.67,1745.29,0,Al día,2026-06-12,2026-08-31,0,3
PREST-00135,CLI-00135,1928.78,28.91,60,61.12,733.44,1195.34,15,Atrasado,2026-08-08,2026-08-31,1,12
PREST-00136,CLI-00136,6574.59,13.86,18,406.64,1219.92,5354.67,97,Vencido,2024-10-31,2025-01-29,3,3
PREST-00137,CLI-00137,811.94,21.93,60,22.39,223.9,588.04,82,Atrasado,2024-09-29,2025-07-26,3,10
PREST-00138,CLI-00138,2780.22,30.68,84,80.77,1938.48,841.74,25,Atrasado,2026-07-02,2026-08-31,2,24
PREST-00139,CLI-00139,8049.2,26.54,72,224.49,2469.39,5579.81,0,Al día,2025-06-21,2026-05-17,0,11
PREST-00140,CLI-00140,2297.28,17.69,18,146.24,438.72,1858.56,0,Al día,2025-08-24,2025-11-22,0,3
PREST-00141,CLI-00141,990.89,26.54,48,33.71,674.2,316.69,72,Atrasado,2024-04-21,2025-12-12,3,20
PREST-00142,CLI-00142,2865.94,30.67,72,87.46,699.68,2166.26,119,Vencido,2024-11-07,2025-07-05,4,8
PREST-00143,CLI-00143,5604.07,25.19,18,377.07,377.07,5227.0,0,Al día,2025-12-31,2026-01-30,0,1
PREST-00144,CLI-00144,2085.24,12.57,48,55.5,1165.5,919.74,0,Al día,2026-07-17,2026-08-31,0,21
PREST-00145,CLI-00145,1851.41,27.43,72,52.67,263.35,1588.06,0,Al día,2025-07-13,2025-12-10,0,5
PREST-00146,CLI-00146,7102.41,27.17,18,484.82,484.82,6617.59,63,Atrasado,2026-06-10,2026-07-10,1,1
PREST-00147,CLI-00147,6248.05,13.15,12,558.5,3351.0,2897.05,0,Al día,2024-01-27,2024-07-25,0,6
PREST-00148,CLI-00148,5869.13,25.34,60,173.44,2254.72,3614.41,62,Atrasado,2024-12-26,2026-01-20,3,13
PREST-00149,CLI-00149,1384.76,33.47,24,79.92,959.04,425.72,0,Al día,2024-11-29,2025-11-24,1,12
PREST-00150,CLI-00150,3121.55,22.73,36,120.4,722.4,2399.15,0,Al día,2024-01-14,2024-07-12,0,6
PREST-00151,CLI-00151,8358.46,16.37,6,1460.34,2920.68,5437.78,0,Al día,2024-04-02,2024-06-01,1,2
PREST-00152,CLI-00152,4137.44,20.15,36,154.08,2619.36,1518.08,0,Al día,2026-07-27,2026-08-31,0,17
PREST-00153,CLI-00153,4055.83,16.53,12,369.01,2214.06,1841.77,129,Vencido,2025-01-24,2025-07-23,3,6
PREST-00154,CLI-00154,2854.89,30.37,30,136.96,1232.64,1622.25,106,Vencido,2024-06-13,2025-03-10,4,9
PREST-00155,CLI-00155,1974.79,20.34,72,47.69,1049.18,925.61,0,Al día,2026-04-11,2026-08-31,0,22
PREST-00156,CLI-00156,2607.42,29.82,36,110.43,110.43,2496.99,18,Atrasado,2026-06-13,2026-07-13,3,1
PREST-00157,CLI-00157,3830.39,13.3,24,182.64,2009.04,1821.35,0,Al día,2025-06-27,2026-05-23,0,11
PREST-00158,CLI-00158,6130.21,16.01,48,173.76,2780.16,3350.05,0,Al día,2026-03-12,2026-08-31,1,16
PREST-00159,CLI-00159,741.41,14.96,60,17.62,387.64,353.77,0,Al día,2026-08-30,2026-08-31,0,22
PREST-00160,CLI-00160,6360.55,26.63,84,167.68,5030.4,1330.15,18,Atrasado,2026-01-31,2026-08-31,3,30
PREST-00161,CLI-00161,4686.73,11.39,48,122.02,976.16,3710.57,0,Al día,2025-08-04,2026-04-01,1,8
PREST-00162,CLI-00162,2338.56,23.15,6,416.5,833.0,1505.56,29,Atrasado,2026-04-25,2026-06-24,1,2
PREST-00163,CLI-00163,7341.84,18.16,84,155.0,3100.0,4241.84,0,Al día,2025-02-14,2026-08-31,0,20
PREST-00164,CLI-00164,304.9,17.73,6,53.48,160.44,144.46,0,Al día,2024-03-23,2024-06-21,0,3
PREST-00165,CLI-00165,3810.87,11.94,18,232.29,929.16,2881.71,0,Al día,2024-05-05,2024-09-02,0,4
PREST-00166,CLI-00166,4342.25,18.26,12,398.63,797.26,3544.99,30,Atrasado,2024-09-29,2024-11-28,2,2
PREST-00167,CLI-00167,2879.96,26.34,60,86.81,1649.39,1230.57,0,Al día,2025-07-22,2026-08-31,0,19
PREST-00168,CLI-00168,878.39,31.87,6,160.3,160.3,718.09,70,Atrasado,2024-06-27,2024-07-27,1,1
PREST-00169,CLI-00169,4207.52,27.84,36,173.67,173.67,4033.85,0,Al día,2025-09-03,2025-10-03,0,1
PREST-00170,CLI-00170,7965.32,31.87,72,249.31,1745.17,6220.15,7,Atrasado,2024-04-17,2024-11-13,1,7
PREST-00171,CLI-00171,2669.54,19.36,24,135.04,405.12,2264.42,16,Atrasado,2024-01-02,2024-04-01,3,3
PREST-00172,CLI-00172,1674.05,17.79,30,69.53,278.12,1395.93,22,Atrasado,2024-05-08,2024-09-05,1,4
PREST-00173,CLI-00173,1577.34,23.36,36,61.35,61.35,1515.99,6,Atrasado,2024-10-05,2024-11-04,1,1
PREST-00174,CLI-00174,8096.71,15.43,84,158.2,4271.4,3825.31,36,Atrasado,2024-07-03,2026-08-31,1,27
PREST-00175,CLI-00175,6088.84,22.34,84,143.92,2302.72,3786.12,0,Al día,2024-11-29,2026-03-24,1,16
PREST-00176,CLI-00176,4220.9,28.55,18,291.02,2619.18,1601.72,0,Al día,2025-11-11,2026-08-08,0,9
PREST-00177,CLI-00177,7824.71,31.36,12,768.05,4608.3,3216.41,91,Vencido,2024-06-28,2024-12-25,2,6
PREST-00178,CLI-00178,5512.29,18.87,48,164.44,2795.48,2716.81,30,Atrasado,2024-04-06,2025-08-29,1,17
PREST-00179,CLI-00179,1912.84,16.08,84,38.08,609.28,1303.56,0,Al día,2025-07-06,2026-08-31,1,16
PREST-00180,CLI-00180,4613.88,28.34,6,833.78,1667.56,2946.32,0,Al día,2024-05-09,2024-07-08,0,2
PREST-00181,CLI-00181,3401.44,22.66,72,86.8,2256.8,1144.64,22,Atrasado,2025-12-15,2026-08-31,3,26
PREST-00182,CLI-00182,757.07,24.83,30,34.13,273.04,484.03,0,Al día,2024-12-31,2025-08-28,0,8
PREST-00183,CLI-00183,2743.41,12.61,30,107.09,428.36,2315.05,62,Atrasado,2024-12-02,2025-04-01,1,4
PREST-00184,CLI-00184,1214.2,23.9,60,34.86,627.48,586.72,85,Atrasado,2025-11-25,2026-08-31,1,18
PREST-00185,CLI-00185,2615.42,12.4,6,451.8,451.8,2163.62,0,Al día,2025-07-10,2025-08-09,0,1
PREST-00186,CLI-00186,2988.27,19.24,6,526.36,1579.08,1409.19,0,Al día,2025-02-07,2025-05-08,0,3
PREST-00187,CLI-00187,5081.65,24.11,72,134.12,3755.36,1326.29,0,Al día,2024-09-03,2026-08-31,0,28
PREST-00188,CLI-00188,6400.02,32.1,72,201.29,3623.22,2776.8,46,Atrasado,2025-04-24,2026-08-31,1,18
PREST-00189,CLI-00189,4310.2,18.76,84,92.52,1110.24,3199.96,0,Al día,2024-06-25,2025-06-20,0,12
PREST-00190,CLI-00190,2859.97,27.54,6,515.67,1031.34,1828.63,72,Atrasado,2026-02-13,2026-04-14,1,2
PREST-00191,CLI-00191,3081.61,23.3,60,87.4,1485.8,1595.81,62,Atrasado,2025-06-20,2026-08-31,1,17
PREST-00192,CLI-00192,3595.39,26.33,84,94.08,564.48,3030.91,0,Al día,2026-06-30,2026-08-31,0,6
PREST-00193,CLI-00193,4238.41,26.05,84,110.14,2863.64,1374.77,0,Al día,2024-04-30,2026-06-19,0,26
PREST-00194,CLI-00194,4257.33,15.58,24,207.6,415.2,3842.13,0,Al día,2025-02-01,2025-04-02,0,2
PREST-00195,CLI-00195,6905.94,17.54,84,143.29,3438.96,3466.98,0,Al día,2026-06-12,2026-08-31,0,24
PREST-00196,CLI-00196,3963.16,13.4,24,189.16,1324.12,2639.04,0,Al día,2024-03-19,2024-10-15,0,7
PREST-00197,CLI-00197,3036.02,19.61,12,280.67,842.01,2194.01,0,Al día,2024-07-01,2024-09-29,0,3
PREST-00198,CLI-00198,6296.25,28.59,24,347.49,4169.88,2126.37,0,Al día,2025-05-23,2026-05-18,0,12
PREST-00199,CLI-00199,4528.55,22.19,24,235.36,2588.96,1939.59,0,Al día,2024-09-02,2025-07-29,0,11
PREST-00200,CLI-00200,5197.96,19.75,48,157.48,3149.6,2048.36,0,Al día,2024-06-03,2026-01-24,0,20
PREST-00201,CLI-00201,7281.53,12.48,48,193.47,580.41,6701.12,11,Atrasado,2025-01-12,2025-04-12,3,3
PREST-00202,CLI-00202,6366.92,29.04,72,187.62,3189.54,3177.38,0,Al día,2024-06-02,2025-10-25,0,17
PREST-00203,CLI-00203,640.28,18.07,36,23.17,69.51,570.77,88,Atrasado,2025-09-22,2025-12-21,1,3
PREST-00204,CLI-00204,8115.58,27.4,36,333.06,2997.54,5118.04,0,Al día,2025-06-05,2026-03-02,0,9
PREST-00205,CLI-00205,6253.9,13.35,18,385.31,770.62,5483.28,0,Al día,2024-04-15,2024-06-14,0,2
PREST-00206,CLI-00206,6136.58,31.61,12,603.11,1206.22,4930.36,2,Atrasado,2026-05-15,2026-07-14,1,2
PREST-00207,CLI-00207,1807.03,18.22,72,41.44,331.52,1475.51,0,Al día,2026-01-31,2026-08-31,0,8
PREST-00208,CLI-00208,3042.43,22.7,84,72.59,2890.31,152.12,8,Atrasado,2025-04-04,2026-08-31,1,42
PREST-00209,CLI-00209,4454.82,30.62,12,435.65,871.3,3583.52,0,Al día,2025-04-22,2025-06-21,0,2
PREST-00210,CLI-00210,7949.52,32.18,48,296.4,1778.4,6171.12,0,Al día,2024-09-02,2025-03-01,0,6
PREST-00211,CLI-00211,7372.41,17.93,84,154.65,5876.7,1495.71,96,Vencido,2026-07-08,2026-08-31,2,38
PREST-00212,CLI-00212,2961.8,26.31,30,135.77,1900.78,1061.02,0,Al día,2024-02-08,2025-04-03,0,14
PREST-00213,CLI-00213,4264.68,20.59,60,114.39,3088.53,1176.15,76,Atrasado,2025-08-08,2026-08-31,2,27
PREST-00214,CLI-00214,4440.27,28.57,84,122.72,4172.48,267.79,0,Al día,2024-02-26,2026-08-31,0,34
PREST-00215,CLI-00215,732.5,30.1,48,26.42,475.56,256.94,0,Al día,2025-11-17,2026-08-31,0,18
PREST-00216,CLI-00216,3758.04,11.44,18,228.2,1825.6,1932.44,18,Atrasado,2025-08-06,2026-04-03,2,8
PREST-00217,CLI-00217,1174.31,19.12,84,25.46,50.92,1123.39,0,Al día,2024-07-04,2024-09-02,1,2
PREST-00218,CLI-00218,4930.05,22.64,60,137.96,2483.28,2446.77,0,Al día,2026-01-10,2026-08-31,0,18
PREST-00219,CLI-00219,2678.36,15.23,36,93.15,186.3,2492.06,0,Al día,2026-03-31,2026-05-30,0,2
PREST-00220,CLI-00220,1229.06,14.54,30,49.11,147.33,1081.73,0,Al día,2026-03-07,2026-06-05,0,3
PREST-00221,CLI-00221,2106.62,22.61,84,50.15,551.65,1554.97,0,Al día,2024-04-17,2025-03-13,0,11
PREST-00222,CLI-00222,8202.22,19.36,36,302.16,3625.92,4576.3,7,Atrasado,2024-01-16,2025-01-10,2,12
PREST-00223,CLI-00223,588.76,28.04,72,16.98,84.9,503.86,0,Al día,2025-04-03,2025-08-31,1,5
PREST-00224,CLI-00224,7673.84,25.15,30,347.17,2777.36,4896.48,0,Al día,2025-09-30,2026-05-28,0,8
PREST-00225,CLI-00225,5791.99,19.96,18,375.0,1875.0,3916.99,0,Al día,2025-12-10,2026-05-09,0,5
PREST-00226,CLI-00226,4188.1,15.81,84,82.73,1737.33,2450.77,113,Vencido,2025-05-10,2026-08-31,2,21
PREST-00227,CLI-00227,2370.75,20.91,48,73.3,1172.8,1197.95,0,Al día,2024-07-07,2025-10-30,0,16
PREST-00228,CLI-00228,8383.59,30.21,30,401.48,4014.8,4368.79,0,Al día,2024-12-22,2025-10-18,0,10
PREST-00229,CLI-00229,2774.84,11.38,72,53.36,1494.08,1280.76,0,Al día,2024-11-07,2026-08-31,1,28
PREST-00230,CLI-00230,1290.12,33.46,12,127.98,383.94,906.18,58,Atrasado,2024-02-11,2024-05-11,2,3
PREST-00231,CLI-00231,3814.88,25.27,48,127.07,2414.33,1400.55,72,Atrasado,2025-08-08,2026-08-31,1,19
PREST-00232,CLI-00232,566.1,16.04,30,23.03,230.3,335.8,0,Al día,2025-01-30,2025-11-26,0,10
PREST-00233,CLI-00233,8127.34,32.09,60,273.48,546.96,7580.38,0,Al día,2025-02-23,2025-04-24,0,2
PREST-00234,CLI-00234,5456.76,25.55,30,247.99,3719.85,1736.91,0,Al día,2025-09-24,2026-08-31,1,15
PREST-00235,CLI-00235,2975.01,28.27,24,163.7,327.4,2647.61,0,Al día,2024-07-25,2024-09-23,0,2
PREST-00236,CLI-00236,2691.89,32.22,24,153.6,1075.2,1616.69,0,Al día,2026-05-13,2026-08-31,0,7
PREST-00237,CLI-00237,3209.34,19.9,60,84.85,593.95,2615.39,0,Al día,2024-03-30,2024-10-26,1,7
PREST-00238,CLI-00238,5202.03,26.12,36,209.93,839.72,4362.31,0,Al día,2024-07-17,2024-11-14,0,4
PREST-00239,CLI-00239,2402.59,32.45,60,81.39,1220.85,1181.74,0,Al día,2024-06-16,2025-09-09,0,15
PREST-00240,CLI-00240,2847.87,22.59,48,90.64,1359.6,1488.27,180,Vencido,2025-04-05,2026-06-29,5,15
PREST-00241,CLI-00241,7387.8,21.24,24,380.5,3424.5,3963.3,86,Atrasado,2026-01-23,2026-08-31,2,9
PREST-00242,CLI-00242,4240.59,12.12,48,111.92,1343.04,2897.55,0,Al día,2025-02-18,2026-02-13,0,12
PREST-00243,CLI-00243,2109.84,14.22,24,101.52,507.6,1602.24,0,Al día,2026-07-05,2026-08-31,1,5
PREST-00244,CLI-00244,2685.19,21.53,18,175.88,703.52,1981.67,0,Al día,2026-05-17,2026-08-31,0,4
PREST-00245,CLI-00245,6166.12,33.37,48,234.26,468.52,5697.6,0,Al día,2025-12-06,2026-02-04,0,2
PREST-00246,CLI-00246,3112.82,33.72,84,96.92,969.2,2143.62,0,Al día,2025-06-05,2026-04-01,0,10
PREST-00247,CLI-00247,6119.31,33.62,18,437.5,437.5,5681.81,0,Al día,2026-01-12,2026-02-11,0,1
PREST-00248,CLI-00248,5514.47,28.5,6,996.97,996.97,4517.5,0,Al día,2025-07-27,2025-08-26,0,1
PREST-00249,CLI-00249,4135.31,24.74,36,163.85,2949.3,1186.01,0,Al día,2025-11-03,2026-08-31,0,18
PREST-00250,CLI-00250,1217.86,24.82,6,217.92,435.84,782.02,100,Vencido,2026-04-04,2026-06-03,4,2
PREST-00251,CLI-00251,7630.25,18.39,30,319.18,4468.52,3161.73,170,Vencido,2025-01-06,2026-03-02,5,14
PREST-00252,CLI-00252,4013.16,17.05,30,165.24,991.44,3021.72,0,Al día,2024-02-26,2024-08-24,0,6
PREST-00253,CLI-00253,2587.87,20.02,6,456.84,1370.52,1217.35,0,Al día,2026-01-14,2026-04-14,0,3
PREST-00254,CLI-00254,3969.93,27.66,36,163.48,1961.76,2008.17,0,Al día,2024-04-18,2025-04-13,0,12
PREST-00255,CLI-00255,7431.39,21.6,48,232.52,3952.84,3478.55,0,Al día,2025-08-21,2026-08-31,0,17
PREST-00256,CLI-00256,6812.3,25.19,18,458.37,1833.48,4978.82,97,Vencido,2024-11-24,2025-03-24,3,4
PREST-00257,CLI-00257,416.41,16.55,24,20.5,41.0,375.41,69,Atrasado,2025-01-07,2025-03-08,3,2
PREST-00258,CLI-00258,8137.91,16.06,48,230.88,1385.28,6752.63,0,Al día,2026-07-09,2026-08-31,0,6
PREST-00259,CLI-00259,7297.2,22.21,60,202.41,4857.84,2439.36,0,Al día,2024-01-14,2026-01-03,0,24
PREST-00260,CLI-00260,2722.46,12.63,18,166.82,1334.56,1387.9,0,Al día,2025-12-15,2026-08-12,0,8
PREST-00261,CLI-00261,1697.79,19.54,72,40.22,1407.7,290.09,24,Atrasado,2025-12-26,2026-08-31,1,35
PREST-00262,CLI-00262,6832.49,18.44,24,342.56,342.56,6489.93,0,Al día,2025-06-05,2025-07-05,0,1
PREST-00263,CLI-00263,2438.96,10.71,48,62.69,877.66,1561.3,0,Al día,2026-07-16,2026-08-31,0,14
PREST-00264,CLI-00264,4983.83,30.79,48,181.74,363.48,4620.35,82,Atrasado,2026-04-18,2026-06-17,2,2
PREST-00265,CLI-00265,3487.9,13.59,72,71.11,2488.85,999.05,72,Atrasado,2025-08-16,2026-08-31,3,35
PREST-00266,CLI-00266,2330.58,18.68,24,117.12,1405.44,925.14,64,Atrasado,2024-07-22,2025-07-17,1,12
PREST-00267,CLI-00267,1617.2,14.57,48,44.66,1027.18,590.02,0,Al día,2024-03-08,2026-01-27,0,23
PREST-00268,CLI-00268,7038.37,13.77,48,191.52,957.6,6080.77,0,Al día,2025-09-11,2026-02-08,0,5
PREST-00269,CLI-00269,1876.51,17.77,48,54.9,658.8,1217.71,0,Al día,2024-05-01,2025-04-26,0,12
PREST-00270,CLI-00270,6747.92,20.02,72,161.71,5498.14,1249.78,34,Atrasado,2025-07-09,2026-08-31,2,34
PREST-00271,CLI-00271,5934.96,29.65,30,282.46,1694.76,4240.2,0,Al día,2026-05-03,2026-08-31,0,6
PREST-00272,CLI-00272,8117.12,12.21,6,1401.44,2802.88,5314.24,0,Al día,2024-08-18,2024-10-17,0,2
PREST-00273,CLI-00273,6165.99,16.87,18,390.11,1170.33,4995.66,0,Al día,2024-10-03,2025-01-01,0,3
PREST-00274,CLI-00274,3505.52,33.45,18,250.32,750.96,2754.56,40,Atrasado,2025-04-23,2025-07-22,2,3
PREST-00275,CLI-00275,2495.9,20.66,24,127.84,767.04,1728.86,13,Atrasado,2026-02-23,2026-08-22,3,6
PREST-00276,CLI-00276,1799.49,15.96,6,314.03,942.09,857.4,77,Atrasado,2025-04-18,2025-07-17,2,3
PREST-00277,CLI-00277,3942.31,13.72,18,243.57,1948.56,1993.75,0,Al día,2025-08-03,2026-03-31,0,8
PREST-00278,CLI-00278,5981.95,33.7,72,194.47,2528.11,3453.84,0,Al día,2024-04-29,2025-05-24,0,13
PREST-00279,CLI-00279,4055.3,19.82,36,150.34,451.02,3604.28,0,Al día,2026-06-06,2026-08-31,0,3
PREST-00280,CLI-00280,3036.97,24.11,48,99.2,1984.0,1052.97,0,Al día,2024-06-10,2026-01-31,0,20
PREST-00281,CLI-00281,3945.95,11.14,48,102.25,2045.0,1900.95,0,Al día,2025-03-16,2026-08-31,1,20
PREST-00282,CLI-00282,732.3,20.99,48,22.67,136.02,596.28,0,Al día,2026-06-11,2026-08-31,0,6
PREST-00283,CLI-00283,2793.82,25.1,36,111.23,1668.45,1125.37,86,Atrasado,2026-02-02,2026-08-31,1,15
PREST-00284,CLI-00284,617.81,22.24,6,109.75,329.25,288.56,0,Al día,2024-05-12,2024-08-10,0,3
PREST-00285,CLI-00285,581.89,25.52,30,26.44,396.6,185.29,64,Atrasado,2025-11-12,2026-08-31,2,15
PREST-00286,CLI-00286,3842.49,33.98,48,147.39,442.17,3400.32,0,Al día,2025-09-01,2025-11-30,0,3
PREST-00287,CLI-00287,7492.45,22.91,72,192.32,5384.96,2107.49,0,Al día,2024-06-29,2026-08-31,1,28
PREST-00288,CLI-00288,1358.51,27.94,84,36.98,258.86,1099.65,0,Al día,2025-03-01,2025-09-27,0,7
PREST-00289,CLI-00289,7675.18,13.64,30,303.37,3033.7,4641.48,143,Vencido,2025-07-13,2026-05-09,4,10
PREST-00290,CLI-00290,1222.53,27.79,36,50.43,201.72,1020.81,0,Al día,2026-06-12,2026-08-31,0,4
PREST-00291,CLI-00291,2461.12,17.06,24,121.75,1339.25,1121.87,0,Al día,2025-02-14,2026-01-10,1,11
PREST-00292,CLI-00292,2128.68,20.09,36,79.21,1188.15,940.53,126,Vencido,2024-12-03,2026-02-26,4,15
PREST-00293,CLI-00293,7510.46,22.58,18,495.77,4461.93,3048.53,0,Al día,2024-02-12,2024-11-08,1,9
PREST-00294,CLI-00294,3900.87,11.44,18,236.87,1184.35,2716.52,0,Al día,2026-02-15,2026-07-15,0,5
PREST-00295,CLI-00295,3800.54,21.52,84,87.91,1846.11,1954.43,0,Al día,2024-02-18,2025-11-09,0,21
PREST-00296,CLI-00296,3073.49,31.98,18,217.19,1085.95,1987.54,0,Al día,2024-12-11,2025-05-10,0,5
PREST-00297,CLI-00297,6165.64,16.8,60,152.57,2441.12,3724.52,0,Al día,2024-09-13,2026-01-06,0,16
PREST-00298,CLI-00298,397.73,13.78,60,9.21,202.62,195.11,111,Vencido,2024-06-03,2026-03-25,3,22
PREST-00299,CLI-00299,7034.33,16.25,36,248.18,1737.26,5297.07,11,Atrasado,2026-04-11,2026-08-31,1,7
PREST-00300,CLI-00300,3038.0,16.48,36,107.53,1505.42,1532.58,64,Atrasado,2024-01-31,2025-03-26,2,14
PREST-00301,CLI-00301,5481.42,22.89,72,140.64,4078.56,1402.86,0,Al día,2025-05-16,2026-08-31,0,29
PREST-00302,CLI-00302,1830.04,14.92,36,63.37,570.33,1259.71,0,Al día,2026-01-13,2026-08-31,1,9
PREST-00303,CLI-00303,1323.93,22.85,36,51.15,460.35,863.58,0,Al día,2024-09-05,2025-06-02,1,9
PREST-00304,CLI-00304,5190.04,16.94,84,105.88,2964.64,2225.4,0,Al día,2024-08-07,2026-08-31,0,28
PREST-00305,CLI-00305,6168.09,26.64,84,162.65,4391.55,1776.54,0,Al día,2024-02-27,2026-05-17,0,27
PREST-00306,CLI-00306,1364.83,26.39,30,62.62,626.2,738.63,0,Al día,2026-08-05,2026-08-31,0,10
PREST-00307,CLI-00307,3115.07,18.22,36,112.96,225.92,2889.15,0,Al día,2026-04-05,2026-06-04,0,2
PREST-00308,CLI-00308,6066.87,30.11,36,257.91,257.91,5808.96,24,Atrasado,2024-07-27,2024-08-26,1,1
PREST-00309,CLI-00309,3842.31,11.28,72,73.69,810.59,3031.72,0,Al día,2024-08-03,2025-06-29,0,11
PREST-00310,CLI-00310,2230.14,22.12,84,52.41,524.1,1706.04,0,Al día,2025-06-30,2026-04-26,0,10
PREST-00311,CLI-00311,8303.91,15.72,60,200.7,4415.4,3888.51,0,Al día,2024-07-25,2026-05-16,0,22
PREST-00312,CLI-00312,1585.44,26.56,6,285.08,285.08,1300.36,68,Atrasado,2025-04-27,2025-05-27,3,1
PREST-00313,CLI-00313,1656.45,10.55,12,146.05,438.15,1218.3,0,Al día,2024-02-08,2024-05-08,0,3
PREST-00314,CLI-00314,7805.38,16.74,84,158.34,316.68,7488.7,0,Al día,2026-06-13,2026-08-12,1,2
PREST-00315,CLI-00315,1683.75,33.26,12,166.86,166.86,1516.89,32,Atrasado,2024-07-06,2024-08-05,1,1
PREST-00316,CLI-00316,1844.08,17.64,36,66.34,1061.44,782.64,0,Al día,2026-04-05,2026-08-31,0,16
PREST-00317,CLI-00317,4508.74,13.02,18,277.09,1108.36,3400.38,0,Al día,2024-12-22,2025-04-21,0,4
PREST-00318,CLI-00318,1100.4,14.42,24,53.05,477.45,622.95,0,Al día,2026-07-02,2026-08-31,0,9
PREST-00319,CLI-00319,4705.66,26.41,48,159.75,3354.75,1350.91,0,Al día,2026-02-23,2026-08-31,0,21
PREST-00320,CLI-00320,7605.99,23.88,72,199.69,399.38,7206.61,0,Al día,2026-01-25,2026-03-26,0,2
PREST-00321,CLI-00321,356.09,21.47,6,63.12,189.36,166.73,148,Vencido,2025-05-28,2025-08-26,4,3
PREST-00322,CLI-00322,1177.64,28.85,30,55.55,388.85,788.79,4,Atrasado,2024-09-26,2025-04-24,1,7
PREST-00323,CLI-00323,3889.67,17.79,6,682.33,2046.99,1842.68,0,Al día,2026-04-28,2026-07-27,0,3
PREST-00324,CLI-00324,8113.24,16.12,6,1416.49,1416.49,6696.75,0,Al día,2025-07-27,2025-08-26,0,1
PREST-00325,CLI-00325,7780.11,25.38,72,211.39,6130.31,1649.8,0,Al día,2024-11-30,2026-08-31,0,29
PREST-00326,CLI-00326,3377.64,25.23,72,91.46,1006.06,2371.58,0,Al día,2024-09-26,2025-08-22,1,11
PREST-00327,CLI-00327,8334.39,30.91,84,243.43,4381.74,3952.65,0,Al día,2026-08-11,2026-08-31,0,18
PREST-00328,CLI-00328,2510.97,29.76,72,75.15,1052.1,1458.87,77,Atrasado,2026-05-14,2026-08-31,3,14
PREST-00329,CLI-00329,8216.68,32.02,12,809.21,4046.05,4170.63,69,Atrasado,2025-10-10,2026-03-09,3,5
PREST-00330,CLI-00330,806.45,27.76,18,55.29,165.87,640.58,0,Al día,2025-04-18,2025-07-17,0,3
PREST-00331,CLI-00331,3402.19,12.58,84,61.12,244.48,3157.71,0,Al día,2025-06-20,2025-10-18,0,4
PREST-00332,CLI-00332,6113.51,31.79,18,431.43,2588.58,3524.93,9,Atrasado,2026-03-19,2026-08-31,2,6
PREST-00333,CLI-00333,5695.19,27.6,12,548.51,2742.55,2952.64,0,Al día,2024-02-27,2024-07-26,0,5
PREST-00334,CLI-00334,818.1,24.86,60,23.95,119.75,698.35,0,Al día,2024-10-12,2025-03-11,0,5
PREST-00335,CLI-00335,879.71,19.0,48,26.3,631.2,248.51,0,Al día,2025-07-18,2026-08-31,0,24
PREST-00336,CLI-00336,3127.11,19.67,6,551.49,1654.47,1472.64,156,Vencido,2024-12-19,2025-03-19,4,3
PREST-00337,CLI-00337,3722.54,13.89,60,86.4,1814.4,1908.14,0,Al día,2025-11-29,2026-08-31,0,21
PREST-00338,CLI-00338,3987.35,18.61,60,102.58,2051.6,1935.75,163,Vencido,2025-05-02,2026-08-31,4,20
PREST-00339,CLI-00339,7383.07,20.06,60,195.85,5287.95,2095.12,27,Atrasado,2025-12-02,2026-08-31,2,27
PREST-00340,CLI-00340,4606.26,15.19,48,128.64,643.2,3963.06,33,Atrasado,2025-08-31,2026-01-28,3,5
PREST-00341,CLI-00341,2210.76,29.61,84,62.63,2100.22,110.54,0,Al día,2026-01-01,2026-08-31,0,42
PREST-00342,CLI-00342,868.32,24.09,30,38.81,38.81,829.51,0,Al día,2025-09-10,2025-10-10,1,1
PREST-00343,CLI-00343,3974.3,21.97,12,371.91,1859.55,2114.75,0,Al día,2025-07-04,2025-12-01,1,5
PREST-00344,CLI-00344,4460.6,20.88,6,789.36,1578.72,2881.88,0,Al día,2024-02-19,2024-04-19,1,2
PREST-00345,CLI-00345,3999.27,27.39,72,113.67,3296.43,702.84,0,Al día,2024-07-04,2026-08-31,0,29
PREST-00346,CLI-00346,7801.71,18.38,36,283.54,3969.56,3832.15,0,Al día,2024-10-04,2025-11-28,1,14
PREST-00347,CLI-00347,7669.08,21.23,60,208.47,1876.23,5792.85,0,Al día,2025-01-28,2025-10-25,0,9
PREST-00348,CLI-00348,6679.48,15.68,24,326.03,978.09,5701.39,0,Al día,2024-07-04,2024-10-02,1,3
PREST-00349,CLI-00349,3735.17,22.66,84,89.03,1691.57,2043.6,160,Vencido,2024-11-18,2026-06-11,4,19
PREST-00350,CLI-00350,3824.73,17.7,30,158.69,158.69,3666.04,158,Vencido,2024-03-31,2024-04-30,2,1
PREST-00351,CLI-00351,339.92,20.2,72,8.18,196.32,143.6,0,Al día,2024-04-08,2026-03-29,0,24
PREST-00352,CLI-00352,4673.13,33.91,84,146.12,2191.8,2481.33,0,Al día,2026-04-07,2026-08-31,0,15
PREST-00353,CLI-00353,1995.74,32.24,84,60.1,120.2,1875.54,0,Al día,2025-10-25,2025-12-24,0,2
PREST-00354,CLI-00354,358.15,26.49,18,24.33,218.97,139.18,0,Al día,2024-10-30,2025-07-27,1,9
PREST-00355,CLI-00355,667.86,25.13,84,16.96,356.16,311.7,128,Vencido,2026-01-30,2026-08-31,4,21
PREST-00356,CLI-00356,1249.23,30.34,36,53.26,692.38,556.85,0,Al día,2024-01-17,2025-02-10,0,13
PREST-00357,CLI-00357,7743.64,12.55,24,366.51,733.02,7010.62,0,Al día,2024-09-04,2024-11-03,0,2
PREST-00358,CLI-00358,4744.62,33.25,30,234.95,704.85,4039.77,0,Al día,2024-12-12,2025-03-12,1,3
PREST-00359,CLI-00359,1529.26,23.13,6,272.34,817.02,712.24,0,Al día,2024-08-07,2024-11-05,0,3
PREST-00360,CLI-00360,4699.06,22.31,72,118.94,4162.9,536.16,0,Al día,2024-01-02,2026-08-31,0,35
PREST-00361,CLI-00361,5760.77,29.83,30,274.72,1098.88,4661.89,175,Vencido,2024-09-11,2025-01-09,2,4
PREST-00362,CLI-00362,7008.79,26.18,72,193.9,1163.4,5845.39,0,Al día,2025-11-11,2026-05-10,0,6
PREST-00363,CLI-00363,1524.93,25.73,18,103.01,927.09,597.84,19,Atrasado,2025-01-05,2025-10-02,1,9
PREST-00364,CLI-00364,5573.1,28.42,12,538.98,3233.88,2339.22,0,Al día,2025-01-21,2025-07-20,0,6
PREST-00365,CLI-00365,5402.88,32.46,30,265.24,2121.92,3280.96,0,Al día,2024-08-03,2025-03-31,0,8
PREST-00366,CLI-00366,4784.71,23.34,12,450.91,901.82,3882.89,0,Al día,2025-07-04,2025-09-02,0,2
PREST-00367,CLI-00367,8197.37,32.06,60,275.68,2205.44,5991.93,0,Al día,2025-05-12,2026-01-07,0,8
PREST-00368,CLI-00368,430.55,24.98,12,40.92,245.52,185.03,63,Atrasado,2024-07-26,2025-01-22,1,6
PREST-00369,CLI-00369,6152.01,31.03,6,1120.11,1120.11,5031.9,0,Al día,2024-02-29,2024-03-30,0,1
PREST-00370,CLI-00370,2670.92,21.11,84,61.11,855.54,1815.38,23,Atrasado,2024-03-19,2025-05-13,1,14
PREST-00371,CLI-00371,4450.35,29.64,6,807.15,1614.3,2836.05,0,Al día,2025-02-01,2025-04-02,0,2
PREST-00372,CLI-00372,4639.99,24.23,30,207.72,1454.04,3185.95,0,Al día,2025-03-21,2025-10-17,0,7
PREST-00373,CLI-00373,7243.64,30.05,12,706.34,4238.04,3005.6,0,Al día,2024-01-17,2024-07-15,1,6
PREST-00374,CLI-00374,7825.74,31.85,60,262.15,1048.6,6777.14,0,Al día,2026-04-21,2026-08-19,0,4
PREST-00375,CLI-00375,2258.53,32.81,84,68.9,1102.4,1156.13,0,Al día,2024-01-07,2025-05-01,0,16
PREST-00376,CLI-00376,2949.79,23.29,60,83.65,1756.65,1193.14,0,Al día,2025-11-20,2026-08-31,0,21
PREST-00377,CLI-00377,2995.83,17.04,72,66.71,1667.75,1328.08,0,Al día,2024-03-06,2026-03-26,0,25
PREST-00378,CLI-00378,928.3,26.1,36,37.45,37.45,890.85,0,Al día,2025-07-20,2025-08-19,0,1
PREST-00379,CLI-00379,4922.64,15.32,12,445.05,445.05,4477.59,0,Al día,2026-06-28,2026-07-28,0,1
PREST-00380,CLI-00380,5903.28,14.81,84,113.29,3285.41,2617.87,0,Al día,2025-09-09,2026-08-31,0,29
PREST-00381,CLI-00381,2493.72,22.7,24,130.23,781.38,1712.34,0,Al día,2026-05-08,2026-08-31,0,6
PREST-00382,CLI-00382,3385.33,32.2,12,333.7,333.7,3051.63,0,Al día,2025-05-22,2025-06-21,1,1
PREST-00383,CLI-00383,4019.3,11.39,36,132.33,396.99,3622.31,0,Al día,2024-08-22,2024-11-20,0,3
PREST-00384,CLI-00384,8495.58,29.35,48,302.69,3632.28,4863.3,0,Al día,2025-06-10,2026-06-05,0,12
PREST-00385,CLI-00385,2634.33,19.34,12,243.2,972.8,1661.53,0,Al día,2024-09-27,2025-01-25,0,4
PREST-00386,CLI-00386,5534.47,26.94,36,225.77,2483.47,3051.0,0,Al día,2026-07-12,2026-08-31,0,11
PREST-00387,CLI-00387,3265.66,13.05,30,128.16,768.96,2496.7,50,Atrasado,2025-12-14,2026-06-12,2,6
PREST-00388,CLI-00388,5425.75,32.74,18,385.49,2698.43,2727.32,0,Al día,2026-03-03,2026-08-31,0,7
PREST-00389,CLI-00389,6395.49,27.5,18,437.61,1750.44,4645.05,0,Al día,2025-04-24,2025-08-22,0,4
PREST-00390,CLI-00390,2341.61,19.25,24,118.32,1064.88,1276.73,0,Al día,2025-01-05,2025-10-02,0,9
PREST-00391,CLI-00391,4945.45,25.76,12,471.86,471.86,4473.59,0,Al día,2025-07-08,2025-08-07,0,1
PREST-00392,CLI-00392,1608.23,31.31,18,113.1,226.2,1382.03,102,Vencido,2026-02-08,2026-04-09,2,2
PREST-00393,CLI-00393,6229.07,22.43,48,197.71,3361.07,2868.0,0,Al día,2025-02-19,2026-07-14,0,17
PREST-00394,CLI-00394,6761.89,17.48,36,242.7,1456.2,5305.69,0,Al día,2024-10-16,2025-04-14,0,6
PREST-00395,CLI-00395,8498.76,10.55,36,276.43,3317.16,5181.6,0,Al día,2026-04-23,2026-08-31,0,12
PREST-00396,CLI-00396,2016.31,12.2,48,53.3,1172.6,843.71,0,Al día,2026-01-15,2026-08-31,1,22
PREST-00397,CLI-00397,1041.44,32.77,12,102.95,205.9,835.54,0,Al día,2024-04-27,2024-06-26,0,2
PREST-00398,CLI-00398,1311.21,19.92,24,66.68,533.44,777.77,49,Atrasado,2024-04-12,2024-12-08,2,8
PREST-00399,CLI-00399,4939.08,10.86,30,188.73,2642.22,2296.86,40,Atrasado,2026-05-20,2026-08-31,3,14
PREST-00400,CLI-00400,1167.6,25.26,12,111.12,111.12,1056.48,172,Vencido,2024-01-07,2024-02-06,5,1
PREST-00401,CLI-00401,4344.9,10.59,84,73.46,808.06,3536.84,173,Vencido,2026-05-21,2026-08-31,5,11
PREST-00402,CLI-00402,7407.94,31.51,48,273.28,2459.52,4948.42,0,Al día,2024-10-30,2025-07-27,0,9
PREST-00403,CLI-00403,3704.28,14.48,84,70.4,1760.0,1944.28,0,Al día,2025-02-06,2026-08-31,0,25
PREST-00404,CLI-00404,7613.36,17.25,60,190.24,3614.56,3998.8,0,Al día,2026-02-05,2026-08-31,0,19
PREST-00405,CLI-00405,7824.33,26.32,6,1405.97,2811.94,5012.39,173,Vencido,2026-02-09,2026-04-10,3,2
PREST-00406,CLI-00406,1862.72,21.36,12,173.77,521.31,1341.41,0,Al día,2026-07-24,2026-08-31,1,3
PREST-00407,CLI-00407,7676.0,32.61,12,758.2,758.2,6917.8,92,Vencido,2025-12-14,2026-01-13,2,1
PREST-00408,CLI-00408,5145.1,25.84,30,234.6,1407.6,3737.5,0,Al día,2024-08-23,2025-02-19,0,6
PREST-00409,CLI-00409,4737.87,29.39,6,858.7,858.7,3879.17,33,Atrasado,2026-02-23,2026-03-25,2,1
PREST-00410,CLI-00410,3843.35,33.21,12,380.77,761.54,3081.81,0,Al día,2024-07-17,2024-09-15,0,2
PREST-00411,CLI-00411,6186.54,33.83,12,614.82,3688.92,2497.62,152,Vencido,2024-05-31,2024-11-27,4,6
PREST-00412,CLI-00412,3348.16,10.92,60,72.66,1017.24,2330.92,0,Al día,2024-02-07,2025-04-02,0,14
PREST-00413,CLI-00413,4937.95,22.34,60,137.34,2334.78,2603.17,0,Al día,2024-06-09,2025-11-01,0,17
PREST-00414,CLI-00414,4598.89,26.26,72,127.46,1656.98,2941.91,0,Al día,2025-02-08,2026-03-05,0,13
PREST-00415,CLI-00415,2879.43,12.48,36,96.3,96.3,2783.13,0,Al día,2024-10-02,2024-11-01,0,1
PREST-00416,CLI-00416,3247.28,12.41,84,58.04,638.44,2608.84,0,Al día,2024-01-12,2024-12-07,0,11
PREST-00417,CLI-00417,7446.21,16.08,72,161.85,4208.1,3238.11,36,Atrasado,2025-12-18,2026-08-31,3,26
PREST-00418,CLI-00418,6406.96,14.45,60,150.58,1957.54,4449.42,30,Atrasado,2024-06-28,2025-07-23,3,13
PREST-00419,CLI-00419,5637.97,29.88,24,314.89,3463.79,2174.18,7,Atrasado,2025-03-15,2026-02-08,2,11
PREST-00420,CLI-00420,5189.32,27.18,48,178.43,4103.89,1085.43,0,Al día,2024-08-18,2026-07-09,0,23
PREST-00421,CLI-00421,7850.32,33.26,60,269.93,6208.39,1641.93,167,Vencido,2024-10-18,2026-08-31,4,23
PREST-00422,CLI-00422,7257.55,31.79,12,713.92,2855.68,4401.87,0,Al día,2026-08-13,2026-08-31,0,4
PREST-00423,CLI-00423,3225.52,14.36,6,560.33,560.33,2665.19,12,Atrasado,2024-01-23,2024-02-22,1,1
PREST-00424,CLI-00424,7971.29,31.94,72,249.87,7572.73,398.56,0,Al día,2026-01-10,2026-08-31,0,31
PREST-00425,CLI-00425,8236.49,31.41,30,399.71,1199.13,7037.36,0,Al día,2024-04-08,2024-07-07,0,3
PREST-00426,CLI-00426,7614.88,27.72,18,521.88,3653.16,3961.72,129,Vencido,2025-08-20,2026-03-18,2,7
PREST-00427,CLI-00427,1022.77,20.22,6,180.65,361.3,661.47,42,Atrasado,2025-10-28,2025-12-27,2,2
PREST-00428,CLI-00428,3002.15,20.85,84,68.21,1978.09,1024.06,0,Al día,2024-04-23,2026-08-31,0,29
PREST-00429,CLI-00429,7461.56,11.9,18,454.67,2728.02,4733.54,0,Al día,2024-06-29,2024-12-26,0,6
PREST-00430,CLI-00430,2753.84,28.08,48,96.1,961.0,1792.84,0,Al día,2025-11-18,2026-08-31,0,10
PREST-00431,CLI-00431,3461.53,32.01,12,340.89,1363.56,2097.97,6,Atrasado,2025-03-02,2025-06-30,2,4
PREST-00432,CLI-00432,1425.89,18.4,60,36.52,657.36,768.53,0,Al día,2025-10-17,2026-08-31,0,18
PREST-00433,CLI-00433,6588.16,16.8,84,133.87,1338.7,5249.46,0,Al día,2025-11-26,2026-08-31,0,10
PREST-00434,CLI-00434,4324.64,12.28,36,144.22,1297.98,3026.66,0,Al día,2024-11-09,2025-08-06,0,9
PREST-00435,CLI-00435,1334.33,22.94,36,51.61,722.54,611.79,0,Al día,2024-02-08,2025-04-03,0,14
PREST-00436,CLI-00436,1480.83,33.99,36,66.14,793.68,687.15,0,Al día,2024-02-03,2025-01-28,0,12
PREST-00437,CLI-00437,706.67,12.73,36,23.72,166.04,540.63,0,Al día,2024-04-27,2024-11-23,1,7
PREST-00438,CLI-00438,5346.52,20.03,36,198.78,3379.26,1967.26,44,Atrasado,2026-04-06,2026-08-31,2,17
PREST-00439,CLI-00439,2497.99,29.57,12,242.99,728.97,1769.02,59,Atrasado,2024-06-25,2024-09-23,2,3
PREST-00440,CLI-00440,6584.08,25.96,84,170.72,6254.88,329.2,0,Al día,2025-12-02,2026-08-31,0,41
PREST-00441,CLI-00441,5629.61,28.21,6,1016.96,1016.96,4612.65,0,Al día,2025-07-05,2025-08-04,0,1
PREST-00442,CLI-00442,5158.45,21.84,18,338.66,2709.28,2449.17,0,Al día,2024-08-27,2025-04-24,1,8
PREST-00443,CLI-00443,8094.13,19.51,48,244.2,3174.6,4919.53,0,Al día,2024-05-17,2025-06-11,0,13
PREST-00444,CLI-00444,6089.08,16.1,6,1063.03,3189.09,2899.99,127,Vencido,2025-06-20,2025-09-18,5,3
PREST-00445,CLI-00445,1490.85,22.82,48,47.64,524.04,966.81,0,Al día,2024-11-24,2025-10-20,0,11
PREST-00446,CLI-00446,995.08,29.48,24,55.37,166.11,828.97,0,Al día,2024-08-16,2024-11-14,0,3
PREST-00447,CLI-00447,729.13,28.9,12,70.69,424.14,304.99,31,Atrasado,2026-06-27,2026-08-31,1,6
PREST-00448,CLI-00448,6427.34,15.42,72,137.38,1511.18,4916.16,0,Al día,2024-01-29,2024-12-24,0,11
PREST-00449,CLI-00449,6798.83,14.89,30,272.81,818.43,5980.4,134,Vencido,2026-08-24,2026-08-31,5,3
PREST-00450,CLI-00450,3296.01,30.28,12,321.77,1930.62,1365.39,0,Al día,2025-07-26,2026-01-22,0,6
PREST-00451,CLI-00451,2107.59,32.24,18,149.21,1044.47,1063.12,0,Al día,2025-12-06,2026-07-04,1,7
PREST-00452,CLI-00452,5277.18,14.93,6,918.22,1836.44,3440.74,0,Al día,2025-03-30,2025-05-29,0,2
PREST-00453,CLI-00453,8329.96,26.86,6,1499.1,4497.3,3832.66,0,Al día,2025-04-25,2025-07-24,0,3
PREST-00454,CLI-00454,2901.77,21.87,6,514.94,1029.88,1871.89,0,Al día,2026-03-09,2026-05-08,0,2
PREST-00455,CLI-00455,3303.55,11.74,24,155.11,930.66,2372.89,143,Vencido,2025-05-23,2025-11-19,2,6
PREST-00456,CLI-00456,1807.27,24.06,30,80.75,403.75,1403.52,0,Al día,2025-12-17,2026-05-16,0,5
PREST-00457,CLI-00457,5679.21,18.52,84,121.1,1695.4,3983.81,0,Al día,2024-02-25,2025-04-20,0,14
PREST-00458,CLI-00458,7526.32,12.33,60,168.68,4048.32,3478.0,0,Al día,2025-01-21,2026-08-31,0,24
PREST-00459,CLI-00459,7530.01,32.63,36,330.6,4628.4,2901.61,0,Al día,2024-04-22,2025-06-16,0,14
PREST-00460,CLI-00460,4159.75,11.65,84,72.65,1017.1,3142.65,0,Al día,2024-05-31,2025-07-25,0,14
PREST-00461,CLI-00461,5999.98,24.98,6,1074.11,2148.22,3851.76,48,Atrasado,2024-01-12,2024-03-12,3,2
PREST-00462,CLI-00462,2366.39,32.14,6,432.18,1296.54,1069.85,0,Al día,2026-05-01,2026-07-30,0,3
PREST-00463,CLI-00463,2040.68,22.72,12,191.7,1150.2,890.48,0,Al día,2024-12-21,2025-06-19,0,6
PREST-00464,CLI-00464,7979.88,17.75,48,233.37,1166.85,6813.03,0,Al día,2024-05-13,2024-10-10,0,5
PREST-00465,CLI-00465,5817.17,22.96,72,149.5,3887.0,1930.17,0,Al día,2026-08-25,2026-08-31,0,26
PREST-00466,CLI-00466,6248.84,13.16,36,211.03,2954.42,3294.42,0,Al día,2025-07-01,2026-08-25,0,14
PREST-00467,CLI-00467,2643.9,12.17,84,46.91,1688.76,955.14,71,Atrasado,2025-07-17,2026-08-31,3,36
PREST-00468,CLI-00468,4804.48,32.35,72,151.89,4564.26,240.22,0,Al día,2026-04-02,2026-08-31,0,31
PREST-00469,CLI-00469,2398.15,20.07,12,222.23,1333.38,1064.77,3,Atrasado,2024-11-18,2025-05-17,3,6
PREST-00470,CLI-00470,1042.07,22.19,24,54.16,487.44,554.63,38,Atrasado,2025-07-15,2026-04-11,3,9
PREST-00471,CLI-00471,3833.72,15.15,12,346.3,1385.2,2448.52,0,Al día,2024-02-12,2024-06-11,0,4
PREST-00472,CLI-00472,2359.77,18.03,84,49.64,49.64,2310.13,65,Atrasado,2025-04-11,2025-05-11,2,1
PREST-00473,CLI-00473,3143.09,28.04,48,109.62,1315.44,1827.65,0,Al día,2026-02-28,2026-08-31,0,12
PREST-00474,CLI-00474,3535.32,29.13,6,640.28,1920.84,1614.48,0,Al día,2024-01-24,2024-04-23,1,3
PREST-00475,CLI-00475,7111.21,23.93,60,204.29,408.58,6702.63,0,Al día,2024-12-01,2025-01-30,1,2
PREST-00476,CLI-00476,2440.43,31.08,18,171.35,171.35,2269.08,0,Al día,2025-11-28,2025-12-28,0,1
PREST-00477,CLI-00477,3587.23,17.49,18,228.01,684.03,2903.2,0,Al día,2025-01-19,2025-04-19,0,3
PREST-00478,CLI-00478,3215.34,29.51,12,312.68,1250.72,1964.62,0,Al día,2024-03-31,2024-07-29,0,4
PREST-00479,CLI-00479,2782.69,21.29,6,493.0,1479.0,1303.69,84,Atrasado,2024-12-21,2025-03-21,1,3
PREST-00480,CLI-00480,2164.04,18.47,72,49.93,599.16,1564.88,0,Al día,2026-05-23,2026-08-31,0,12
PREST-00481,CLI-00481,7327.64,20.26,18,475.48,475.48,6852.16,7,Atrasado,2025-01-05,2025-02-04,1,1
PREST-00482,CLI-00482,919.32,29.95,30,43.9,263.4,655.92,0,Al día,2025-07-27,2026-01-23,0,6
PREST-00483,CLI-00483,441.76,23.42,12,41.65,124.95,316.81,20,Atrasado,2025-05-19,2025-08-17,2,3
PREST-00484,CLI-00484,3716.42,14.14,30,147.78,295.56,3420.86,0,Al día,2026-02-03,2026-04-04,1,2
PREST-00485,CLI-00485,2252.62,32.55,6,411.87,411.87,1840.75,73,Atrasado,2025-09-28,2025-10-28,3,1
PREST-00486,CLI-00486,6346.46,31.23,72,195.99,979.95,5366.51,0,Al día,2025-09-08,2026-02-05,1,5
PREST-00487,CLI-00487,1236.31,22.68,48,39.41,354.69,881.62,0,Al día,2026-06-20,2026-08-31,0,9
PREST-00488,CLI-00488,4992.98,33.98,6,916.56,916.56,4076.42,0,Al día,2024-10-13,2024-11-12,0,1
PREST-00489,CLI-00489,8274.68,23.28,84,200.43,3006.45,5268.23,126,Vencido,2025-06-03,2026-08-27,2,15
PREST-00490,CLI-00490,2991.69,13.15,24,142.44,427.32,2564.37,0,Al día,2024-04-13,2024-07-12,0,3
PREST-00491,CLI-00491,1586.72,10.85,12,140.13,140.13,1446.59,0,Al día,2026-03-17,2026-04-16,0,1
PREST-00492,CLI-00492,4829.04,24.57,24,256.69,256.69,4572.35,34,Atrasado,2024-12-19,2025-01-18,2,1
PREST-00493,CLI-00493,3664.4,18.32,24,183.51,183.51,3480.89,0,Al día,2025-06-23,2025-07-23,0,1
PREST-00494,CLI-00494,8185.21,17.85,6,1436.1,4308.3,3876.91,0,Al día,2026-03-06,2026-06-04,0,3
PREST-00495,CLI-00495,2098.99,21.41,6,372.0,372.0,1726.99,10,Atrasado,2024-11-10,2024-12-10,1,1
PREST-00496,CLI-00496,1773.19,12.84,6,306.7,613.4,1159.79,0,Al día,2024-10-19,2024-12-18,0,2
PREST-00497,CLI-00497,748.66,23.08,84,18.04,414.92,333.74,9,Atrasado,2025-04-04,2026-08-31,2,23
PREST-00498,CLI-00498,4566.65,33.42,36,202.51,405.02,4161.63,0,Al día,2025-06-27,2025-08-26,0,2
PREST-00499,CLI-00499,2051.01,26.39,30,94.1,1411.5,639.51,0,Al día,2024-02-22,2025-05-17,1,15
PREST-00500,CLI-00500,2950.19,32.48,30,144.87,1593.57,1356.62,0,Al día,2024-05-18,2025-04-13,0,11
PREST-00501,CLI-00501,1607.04,33.25,30,79.58,159.16,1447.88,0,Al día,2024-06-02,2024-08-01,0,2
PREST-00502,CLI-00502,4518.51,18.28,84,95.71,574.26,3944.25,0,Al día,2026-04-25,2026-08-31,0,6
PREST-00503,CLI-00503,7311.64,20.65,48,225.04,1350.24,5961.4,141,Vencido,2026-04-10,2026-08-31,2,6
PREST-00504,CLI-00504,4466.98,27.78,72,128.06,2817.32,1649.66,161,Vencido,2024-12-10,2026-08-31,3,22
PREST-00505,CLI-00505,8153.69,12.33,72,160.81,4020.25,4133.44,0,Al día,2026-04-13,2026-08-31,0,25
PREST-00506,CLI-00506,2812.47,14.08,18,174.24,1045.44,1767.03,0,Al día,2025-04-26,2025-10-23,0,6
PREST-00507,CLI-00507,7318.59,20.71,12,680.44,1360.88,5957.71,0,Al día,2024-06-04,2024-08-03,0,2
PREST-00508,CLI-00508,544.28,10.73,84,9.24,92.4,451.88,0,Al día,2026-07-31,2026-08-31,0,10
PREST-00509,CLI-00509,7940.2,15.36,6,1383.28,1383.28,6556.92,0,Al día,2025-11-11,2025-12-11,0,1
PREST-00510,CLI-00510,7686.23,32.36,12,758.26,1516.52,6169.71,0,Al día,2024-07-04,2024-09-02,0,2
PREST-00511,CLI-00511,2924.49,20.41,18,189.98,569.94,2354.55,8,Atrasado,2026-08-20,2026-08-31,3,3
PREST-00512,CLI-00512,6575.22,18.87,24,331.03,1655.15,4920.07,9,Atrasado,2026-08-29,2026-08-31,2,5
PREST-00513,CLI-00513,8318.4,15.21,18,519.76,2079.04,6239.36,0,Al día,2025-10-09,2026-02-06,0,4
PREST-00514,CLI-00514,5813.08,22.98,36,224.96,3599.36,2213.72,0,Al día,2026-05-08,2026-08-31,1,16
PREST-00515,CLI-00515,2024.26,23.8,24,106.82,427.28,1596.98,0,Al día,2024-03-16,2024-07-14,0,4
PREST-00516,CLI-00516,2610.69,27.47,84,70.26,1967.28,643.41,0,Al día,2026-04-05,2026-08-31,0,28
PREST-00517,CLI-00517,1355.79,32.77,84,41.32,909.04,446.75,0,Al día,2025-12-17,2026-08-31,0,22
PREST-00518,CLI-00518,6958.14,30.88,24,392.21,3137.68,3820.46,0,Al día,2024-06-06,2025-02-01,0,8
PREST-00519,CLI-00519,1505.52,27.21,12,144.71,578.84,926.68,0,Al día,2024-01-03,2024-05-02,1,4
PREST-00520,CLI-00520,4138.76,31.36,30,200.74,200.74,3938.02,0,Al día,2024-11-02,2024-12-02,0,1
PREST-00521,CLI-00521,2916.16,33.27,12,289.0,1734.0,1182.16,0,Al día,2025-08-28,2026-02-24,0,6
PREST-00522,CLI-00522,3269.89,26.02,48,110.29,661.74,2608.15,0,Al día,2026-07-30,2026-08-31,0,6
PREST-00523,CLI-00523,3689.41,23.35,72,95.68,1817.92,1871.49,0,Al día,2024-03-06,2025-09-27,0,19
PREST-00524,CLI-00524,4471.27,27.45,72,127.25,636.25,3835.02,57,Atrasado,2024-02-24,2024-07-23,3,5
PREST-00525,CLI-00525,630.31,29.41,36,26.55,398.25,232.06,0,Al día,2025-12-05,2026-08-31,1,15
PREST-00526,CLI-00526,2267.58,12.46,24,107.23,321.69,1945.89,0,Al día,2024-01-10,2024-04-09,0,3
PREST-00527,CLI-00527,3134.09,25.11,72,84.64,592.48,2541.61,0,Al día,2024-03-23,2024-10-19,0,7
PREST-00528,CLI-00528,3175.27,19.36,18,204.67,818.68,2356.59,76,Atrasado,2026-07-21,2026-08-31,2,4
PREST-00529,CLI-00529,2353.96,29.44,48,83.99,1763.79,590.17,0,Al día,2025-02-03,2026-08-31,0,21
PREST-00530,CLI-00530,2279.07,12.35,18,139.35,557.4,1721.67,171,Vencido,2025-12-05,2026-04-04,3,4
PREST-00531,CLI-00531,2839.81,30.68,60,93.07,1116.84,1722.97,0,Al día,2025-09-13,2026-08-31,0,12
PREST-00532,CLI-00532,5358.45,10.57,18,323.22,1292.88,4065.57,0,Al día,2024-12-30,2025-04-29,0,4
PREST-00533,CLI-00533,3954.98,30.15,12,385.85,385.85,3569.13,153,Vencido,2024-09-24,2024-10-24,5,1
PREST-00534,CLI-00534,5144.69,22.39,72,130.46,3261.5,1883.19,0,Al día,2024-12-20,2026-08-31,1,25
PREST-00535,CLI-00535,6282.08,10.98,6,1080.8,1080.8,5201.28,0,Al día,2025-01-23,2025-02-22,0,1
PREST-00536,CLI-00536,2781.97,21.49,72,69.06,2278.98,502.99,0,Al día,2025-01-20,2026-08-31,0,33
PREST-00537,CLI-00537,2325.12,31.64,84,69.07,1105.12,1220.0,0,Al día,2024-09-26,2026-01-19,0,16
PREST-00538,CLI-00538,5497.14,21.08,18,358.87,1076.61,4420.53,0,Al día,2025-12-27,2026-03-27,0,3
PREST-00539,CLI-00539,3293.39,20.66,24,168.68,168.68,3124.71,155,Vencido,2026-05-30,2026-06-29,5,1
PREST-00540,CLI-00540,4982.96,10.71,24,231.57,2778.84,2204.12,0,Al día,2025-02-06,2026-02-01,0,12
PREST-00541,CLI-00541,450.54,25.87,36,18.12,163.08,287.46,0,Al día,2024-02-21,2024-11-17,0,9
PREST-00542,CLI-00542,6499.23,21.13,84,148.78,2678.04,3821.19,0,Al día,2025-03-06,2026-08-28,0,18
PREST-00543,CLI-00543,2240.39,31.41,60,74.44,1712.12,528.27,0,Al día,2026-04-21,2026-08-31,1,23
PREST-00544,CLI-00544,1867.93,17.85,48,54.72,875.52,992.41,0,Al día,2024-09-09,2026-01-02,0,16
PREST-00545,CLI-00545,3710.49,27.43,48,128.11,2690.31,1020.18,0,Al día,2026-03-30,2026-08-31,0,21
PREST-00546,CLI-00546,6758.95,17.81,72,153.43,3528.89,3230.06,0,Al día,2025-03-22,2026-08-31,0,23
PREST-00547,CLI-00547,6637.62,22.06,36,253.7,253.7,6383.92,58,Atrasado,2025-06-11,2025-07-11,2,1
PREST-00548,CLI-00548,872.36,21.75,12,81.54,163.08,709.28,161,Vencido,2025-08-06,2025-10-05,3,2
PREST-00549,CLI-00549,5804.7,14.31,36,199.27,1793.43,4011.27,57,Atrasado,2026-03-09,2026-08-31,1,9
PREST-00550,CLI-00550,5786.24,13.47,18,356.82,1427.28,4358.96,0,Al día,2026-03-12,2026-07-10,0,4
PREST-00551,CLI-00551,7955.46,27.42,60,244.92,4898.4,3057.06,175,Vencido,2024-03-23,2025-11-13,2,20
PREST-00552,CLI-00552,1152.47,33.12,36,50.91,560.01,592.46,79,Atrasado,2025-01-16,2025-12-12,2,11
PREST-00553,CLI-00553,4086.81,17.89,30,169.95,339.9,3746.91,38,Atrasado,2025-08-26,2025-10-25,2,2
PREST-00554,CLI-00554,4396.44,20.8,30,189.18,2270.16,2126.28,70,Atrasado,2024-07-04,2025-06-29,2,12
PREST-00555,CLI-00555,2282.47,21.85,18,149.86,449.58,1832.89,0,Al día,2024-10-06,2025-01-04,0,3
PREST-00556,CLI-00556,4203.66,33.8,60,145.98,3993.48,210.18,0,Al día,2024-09-29,2026-08-31,0,29
PREST-00557,CLI-00557,8347.87,13.67,24,399.51,799.02,7548.85,0,Al día,2024-03-29,2024-05-28,1,2
PREST-00558,CLI-00558,4415.87,24.72,18,296.1,296.1,4119.77,0,Al día,2024-07-07,2024-08-06,0,1
PREST-00559,CLI-00559,6940.12,31.34,24,392.84,3142.72,3797.4,0,Al día,2025-07-03,2026-02-28,0,8
PREST-00560,CLI-00560,8067.92,19.17,84,175.15,7181.15,886.77,78,Atrasado,2024-12-04,2026-08-31,1,41
PREST-00561,CLI-00561,1805.35,16.44,48,51.57,360.99,1444.36,52,Atrasado,2025-04-16,2025-11-12,2,7
PREST-00562,CLI-00562,7700.78,31.0,60,253.9,2792.9,4907.88,41,Atrasado,2024-11-20,2025-10-16,3,11
PREST-00563,CLI-00563,6160.56,32.54,72,195.54,5084.04,1076.52,103,Vencido,2024-12-07,2026-08-31,4,26
PREST-00564,CLI-00564,2392.49,30.67,84,69.49,1250.82,1141.67,0,Al día,2025-07-08,2026-08-31,1,18
PREST-00565,CLI-00565,376.34,20.9,84,8.56,25.68,350.66,0,Al día,2026-06-04,2026-08-31,0,3
PREST-00566,CLI-00566,7424.17,26.05,12,709.41,2837.64,4586.53,64,Atrasado,2025-09-17,2026-01-15,3,4
PREST-00567,CLI-00567,6002.37,29.9,48,215.77,5178.48,823.89,26,Atrasado,2025-05-30,2026-08-31,1,24
PREST-00568,CLI-00568,7297.85,31.99,12,718.61,2155.83,5142.02,101,Vencido,2025-07-27,2025-10-25,3,3
PREST-00569,CLI-00569,2383.05,33.58,84,73.97,813.67,1569.38,13,Atrasado,2025-04-03,2026-02-27,1,11
PREST-00570,CLI-00570,1861.39,26.24,36,75.23,1128.45,732.94,86,Atrasado,2026-05-08,2026-08-31,1,15
PREST-00571,CLI-00571,3467.14,21.89,84,80.99,2753.66,713.48,0,Al día,2024-03-04,2026-08-31,1,34
PREST-00572,CLI-00572,492.15,20.61,12,45.73,228.65,263.5,0,Al día,2024-09-13,2025-02-10,0,5
PREST-00573,CLI-00573,8439.3,25.99,72,232.48,7671.84,767.46,0,Al día,2024-12-22,2026-08-31,0,33
PREST-00574,CLI-00574,2004.16,22.35,6,356.14,356.14,1648.02,139,Vencido,2024-09-24,2024-10-24,4,1
PREST-00575,CLI-00575,6223.46,12.33,72,122.74,368.22,5855.24,0,Al día,2024-02-18,2024-05-18,0,3
PREST-00576,CLI-00576,5656.13,18.7,12,520.44,2081.76,3574.37,0,Al día,2024-12-31,2025-04-30,0,4
PREST-00577,CLI-00577,2552.58,31.36,24,144.51,289.02,2263.56,0,Al día,2026-08-21,2026-08-31,0,2
PREST-00578,CLI-00578,3599.63,14.06,84,67.58,1351.6,2248.03,0,Al día,2024-08-17,2026-04-09,0,20
PREST-00579,CLI-00579,5781.74,33.36,12,573.24,3439.44,2342.3,0,Al día,2024-07-22,2025-01-18,1,6
PREST-00580,CLI-00580,4663.11,21.84,18,306.14,2755.26,1907.85,0,Al día,2024-08-24,2025-05-21,0,9
PREST-00581,CLI-00581,761.22,12.4,30,29.64,326.04,435.18,0,Al día,2026-03-30,2026-08-31,0,11
PREST-00582,CLI-00582,5664.73,23.04,24,296.79,296.79,5367.94,0,Al día,2025-05-07,2025-06-06,0,1
PREST-00583,CLI-00583,1351.12,13.39,36,45.78,228.9,1122.22,0,Al día,2026-03-24,2026-08-21,0,5
PREST-00584,CLI-00584,646.04,22.16,30,28.24,282.4,363.64,0,Al día,2024-03-21,2025-01-15,0,10
PREST-00585,CLI-00585,8055.35,15.13,84,156.03,5617.08,2438.27,0,Al día,2025-03-02,2026-08-31,0,36
PREST-00586,CLI-00586,7266.72,21.78,36,276.69,3043.59,4223.13,0,Al día,2024-07-07,2025-06-02,1,11
PREST-00587,CLI-00587,1166.74,26.81,84,30.9,1108.4,58.34,0,Al día,2024-07-23,2026-08-31,0,42
PREST-00588,CLI-00588,1291.88,12.35,18,78.99,552.93,738.95,0,Al día,2026-06-23,2026-08-31,0,7
PREST-00589,CLI-00589,5907.79,22.29,36,226.51,4077.18,1830.61,177,Vencido,2024-08-29,2026-02-20,3,18
PREST-00590,CLI-00590,2968.43,12.73,6,513.27,1539.81,1428.62,0,Al día,2025-11-18,2026-02-16,0,3
PREST-00591,CLI-00591,6944.12,23.11,30,306.9,3375.9,3568.22,0,Al día,2025-04-18,2026-03-14,0,11
PREST-00592,CLI-00592,5925.4,16.37,12,538.65,3231.9,2693.5,0,Al día,2026-06-04,2026-08-31,0,6
PREST-00593,CLI-00593,4436.28,24.25,24,235.1,2115.9,2320.38,0,Al día,2025-10-18,2026-07-15,0,9
PREST-00594,CLI-00594,1034.07,20.69,6,182.89,548.67,485.4,21,Atrasado,2026-08-05,2026-08-31,2,3
PREST-00595,CLI-00595,2750.68,15.04,84,53.14,212.56,2538.12,0,Al día,2025-05-20,2025-09-17,0,4
PREST-00596,CLI-00596,5655.72,13.99,30,224.5,673.5,4982.22,0,Al día,2025-08-08,2025-11-06,0,3
PREST-00597,CLI-00597,5742.62,26.15,12,549.01,1098.02,4644.6,0,Al día,2025-04-23,2025-06-22,0,2
PREST-00598,CLI-00598,7004.04,30.31,18,489.06,489.06,6514.98,0,Al día,2024-04-09,2024-05-09,0,1
PREST-00599,CLI-00599,1344.75,25.52,24,72.12,72.12,1272.63,0,Al día,2026-07-06,2026-08-05,0,1
PREST-00600,CLI-00600,6631.13,30.3,72,200.78,6224.18,406.95,0,Al día,2024-07-31,2026-08-31,0,31
PREST-00601,CLI-00601,7619.41,21.28,36,288.16,4322.4,3297.01,0,Al día,2026-01-28,2026-08-31,1,15
PREST-00602,CLI-00602,5283.65,20.01,36,196.39,2749.46,2534.19,0,Al día,2026-05-30,2026-08-31,0,14
PREST-00603,CLI-00603,7793.28,19.15,6,1372.38,4117.14,3676.14,0,Al día,2024-11-02,2025-01-31,0,3
PREST-00604,CLI-00604,5336.18,18.35,30,223.11,2007.99,3328.19,0,Al día,2024-04-21,2025-01-16,1,9
PREST-00605,CLI-00605,3565.65,22.18,84,83.93,1091.09,2474.56,0,Al día,2025-01-21,2026-02-15,0,13
PREST-00606,CLI-00606,1079.77,11.77,6,186.19,186.19,893.58,0,Al día,2026-01-06,2026-02-05,0,1
PREST-00607,CLI-00607,7497.25,29.61,60,240.77,5778.48,1718.77,0,Al día,2025-12-03,2026-08-31,0,24
PREST-00608,CLI-00608,3557.79,18.42,12,326.89,326.89,3230.9,0,Al día,2026-08-22,2026-08-31,0,1
PREST-00609,CLI-00609,7410.06,32.89,24,425.42,3828.78,3581.28,0,Al día,2024-07-15,2025-04-11,1,9
PREST-00610,CLI-00610,6797.6,15.79,6,1185.68,2371.36,4426.24,0,Al día,2024-06-09,2024-08-08,0,2
PREST-00611,CLI-00611,7929.68,30.17,30,379.58,3795.8,4133.88,0,Al día,2024-03-27,2025-01-21,1,10
PREST-00612,CLI-00612,4304.14,18.44,84,91.58,274.74,4029.4,0,Al día,2024-04-24,2024-07-23,0,3
PREST-00613,CLI-00613,6213.51,25.96,60,185.89,185.89,6027.62,93,Vencido,2026-01-23,2026-02-22,3,1
PREST-00614,CLI-00614,4790.45,25.55,48,160.31,2404.65,2385.8,0,Al día,2026-07-06,2026-08-31,0,15
PREST-00615,CLI-00615,4401.62,30.25,30,210.88,1054.4,3347.22,84,Atrasado,2025-06-04,2025-11-01,2,5
PREST-00616,CLI-00616,2697.8,31.06,18,189.39,1136.34,1561.46,0,Al día,2025-06-12,2025-12-09,1,6
PREST-00617,CLI-00617,6692.16,16.44,24,329.08,3290.8,3401.36,51,Atrasado,2025-03-15,2026-01-09,2,10
PREST-00618,CLI-00618,5728.15,21.42,30,248.26,3227.38,2500.77,0,Al día,2024-01-04,2025-01-28,0,13
PREST-00619,CLI-00619,4634.39,29.55,60,148.66,1040.62,3593.77,0,Al día,2026-03-11,2026-08-31,0,7
PREST-00620,CLI-00620,2699.91,19.73,60,71.13,1991.64,708.27,57,Atrasado,2024-12-07,2026-08-31,2,28
PREST-00621,CLI-00621,1071.29,32.86,60,36.57,1017.73,53.56,0,Al día,2025-08-02,2026-08-31,0,30
PREST-00622,CLI-00622,5062.53,27.29,24,276.05,1656.3,3406.23,19,Atrasado,2024-09-21,2025-03-20,1,6
PREST-00623,CLI-00623,5843.14,27.08,72,164.94,5443.02,400.12,0,Al día,2025-05-27,2026-08-31,0,33
PREST-00624,CLI-00624,3943.69,32.68,30,194.08,388.16,3555.53,18,Atrasado,2026-04-12,2026-06-11,1,2
PREST-00625,CLI-00625,8419.82,15.42,18,526.93,3688.51,4731.31,0,Al día,2025-11-10,2026-06-08,0,7
PREST-00626,CLI-00626,1743.53,28.98,6,315.64,946.92,796.61,147,Vencido,2026-04-27,2026-07-26,4,3
PREST-00627,CLI-00627,7523.23,29.44,30,357.21,2143.26,5379.97,0,Al día,2025-10-23,2026-04-21,1,6
PREST-00628,CLI-00628,2311.29,21.04,6,409.2,409.2,1902.09,179,Vencido,2024-09-24,2024-10-24,2,1
PREST-00629,CLI-00629,1589.33,26.73,72,44.51,801.18,788.15,56,Atrasado,2026-08-03,2026-08-31,1,18
PREST-00630,CLI-00630,1223.92,24.06,6,218.54,218.54,1005.38,0,Al día,2025-10-15,2025-11-14,1,1
PREST-00631,CLI-00631,7538.81,32.17,12,743.01,4458.06,3080.75,0,Al día,2024-05-17,2024-11-13,0,6
PREST-00632,CLI-00632,3990.2,18.32,12,366.43,2198.58,1791.62,0,Al día,2026-02-06,2026-08-05,0,6
PREST-00633,CLI-00633,5549.59,13.32,6,961.2,1922.4,3627.19,0,Al día,2026-01-26,2026-03-27,0,2
PREST-00634,CLI-00634,7601.85,23.88,60,218.16,2836.08,4765.77,81,Atrasado,2024-04-04,2025-04-29,1,13
PREST-00635,CLI-00635,4211.33,25.59,48,141.02,2397.34,1813.99,69,Atrasado,2025-06-25,2026-08-31,1,17
PREST-00636,CLI-00636,3231.61,17.02,30,133.01,1995.15,1236.46,16,Atrasado,2024-11-28,2026-02-21,1,15
PREST-00637,CLI-00637,6612.13,23.69,60,189.03,4914.78,1697.35,0,Al día,2025-06-05,2026-08-31,0,26
PREST-00638,CLI-00638,6444.39,33.17,6,1180.34,3541.02,2903.37,0,Al día,2026-01-09,2026-04-09,1,3
PREST-00639,CLI-00639,5342.2,21.84,48,167.85,1007.1,4335.1,0,Al día,2026-03-18,2026-08-31,0,6
PREST-00640,CLI-00640,7170.3,12.2,72,140.93,2113.95,5056.35,0,Al día,2026-07-25,2026-08-31,1,15
PREST-00641,CLI-00641,4087.79,30.35,24,229.3,1146.5,2941.29,0,Al día,2025-04-29,2025-09-26,0,5
PREST-00642,CLI-00642,575.08,23.67,60,16.43,246.45,328.63,0,Al día,2025-07-19,2026-08-31,0,15
PREST-00643,CLI-00643,6548.67,23.13,72,168.96,1689.6,4859.07,0,Al día,2025-09-15,2026-07-12,0,10
PREST-00644,CLI-00644,753.87,13.9,36,25.73,463.14,290.73,151,Vencido,2024-05-03,2025-10-25,2,18
PREST-00645,CLI-00645,7932.83,10.63,36,258.32,1549.92,6382.91,0,Al día,2024-02-17,2024-08-15,1,6
PREST-00646,CLI-00646,3756.74,27.13,18,256.37,1025.48,2731.26,0,Al día,2026-04-22,2026-08-20,0,4
PREST-00647,CLI-00647,306.47,29.54,36,12.93,103.44,203.03,0,Al día,2026-02-20,2026-08-31,0,8
PREST-00648,CLI-00648,1632.63,26.34,60,49.21,442.89,1189.74,51,Atrasado,2025-03-25,2025-12-20,2,9
PREST-00649,CLI-00649,1704.44,27.93,12,164.43,657.72,1046.72,126,Vencido,2025-10-10,2026-02-07,2,4
PREST-00650,CLI-00650,6985.91,31.4,36,301.95,5435.1,1550.81,0,Al día,2024-03-10,2025-09-01,0,18
PREST-00651,CLI-00651,4887.7,10.84,60,105.88,3070.52,1817.18,0,Al día,2025-07-22,2026-08-31,1,29
PREST-00652,CLI-00652,8357.15,22.9,36,323.07,4846.05,3511.1,0,Al día,2024-03-27,2025-06-20,0,15
PREST-00653,CLI-00653,4431.89,27.16,6,798.25,2394.75,2037.14,0,Al día,2025-05-17,2025-08-15,1,3
PREST-00654,CLI-00654,6446.03,25.32,18,434.13,2604.78,3841.25,0,Al día,2026-04-19,2026-08-31,1,6
PREST-00655,CLI-00655,2664.03,25.5,60,78.98,1105.72,1558.31,0,Al día,2024-03-26,2025-05-20,0,14
PREST-00656,CLI-00656,4402.44,26.45,18,298.95,896.85,3505.59,0,Al día,2026-05-08,2026-08-06,1,3
PREST-00657,CLI-00657,6262.48,10.52,36,203.6,203.6,6058.88,57,Atrasado,2024-05-23,2024-06-22,3,1
PREST-00658,CLI-00658,6865.44,21.17,84,157.33,5821.21,1044.23,0,Al día,2025-11-01,2026-08-31,0,37
PREST-00659,CLI-00659,6199.57,30.58,18,433.73,1301.19,4898.38,0,Al día,2026-04-07,2026-07-06,0,3
PREST-00660,CLI-00660,4245.74,21.3,30,183.76,1286.32,2959.42,0,Al día,2025-03-20,2025-10-16,0,7
PREST-00661,CLI-00661,877.02,25.33,12,83.5,167.0,710.02,0,Al día,2025-07-19,2025-09-17,0,2
PREST-00662,CLI-00662,4003.44,30.63,18,280.18,1120.72,2882.72,0,Al día,2024-01-25,2024-05-24,0,4
PREST-00663,CLI-00663,3622.76,13.45,24,173.0,173.0,3449.76,0,Al día,2026-06-17,2026-07-17,0,1
PREST-00664,CLI-00664,5266.73,26.76,6,947.56,2842.68,2424.05,0,Al día,2024-09-06,2024-12-05,0,3
PREST-00665,CLI-00665,6285.94,13.6,60,144.96,2319.36,3966.58,51,Atrasado,2025-10-19,2026-08-31,2,16
PREST-00666,CLI-00666,1271.39,10.82,84,21.65,801.05,470.34,15,Atrasado,2025-12-06,2026-08-31,3,37
PREST-00667,CLI-00667,4982.13,20.09,60,132.25,3438.5,1543.63,0,Al día,2026-01-04,2026-08-31,0,26
PREST-00668,CLI-00668,1924.67,10.72,72,36.36,363.6,1561.07,0,Al día,2026-05-31,2026-08-31,1,10
PREST-00669,CLI-00669,3135.79,18.91,48,93.61,655.27,2480.52,0,Al día,2024-02-10,2024-09-07,0,7
PREST-00670,CLI-00670,2995.95,24.86,12,284.54,284.54,2711.41,0,Al día,2024-08-31,2024-09-30,0,1
PREST-00671,CLI-00671,3711.11,28.05,84,101.29,3139.99,571.12,0,Al día,2024-07-23,2026-08-31,1,31
PREST-00672,CLI-00672,7045.71,15.44,12,637.4,637.4,6408.31,0,Al día,2026-07-11,2026-08-10,0,1
PREST-00673,CLI-00673,6873.47,20.88,36,258.54,1551.24,5322.23,0,Al día,2026-06-23,2026-08-31,1,6
PREST-00674,CLI-00674,3572.7,20.26,18,231.83,1622.81,1949.89,0,Al día,2024-11-28,2025-06-26,0,7
PREST-00675,CLI-00675,4224.89,11.55,60,93.02,2604.56,1620.33,0,Al día,2024-10-29,2026-08-31,0,28
PREST-00676,CLI-00676,6906.54,26.23,18,468.24,468.24,6438.3,0,Al día,2024-04-05,2024-05-05,0,1
PREST-00677,CLI-00677,6605.64,21.0,24,339.44,2036.64,4569.0,0,Al día,2026-07-04,2026-08-31,0,6
PREST-00678,CLI-00678,2891.24,17.88,18,184.31,1474.48,1416.76,27,Atrasado,2025-04-25,2025-12-21,1,8
PREST-00679,CLI-00679,1078.62,27.61,48,37.35,224.1,854.52,0,Al día,2025-11-03,2026-05-02,0,6
PREST-00680,CLI-00680,1299.49,22.48,36,49.95,799.2,500.29,114,Vencido,2024-09-22,2026-01-15,4,16
PREST-00681,CLI-00681,5612.14,15.42,6,977.87,1955.74,3656.4,0,Al día,2024-06-20,2024-08-19,0,2
PREST-00682,CLI-00682,6276.74,32.4,12,619.34,3716.04,2560.7,97,Vencido,2025-10-04,2026-04-02,3,6
PREST-00683,CLI-00683,7076.92,31.97,48,262.98,1840.86,5236.06,0,Al día,2025-04-28,2025-11-24,0,7
PREST-00684,CLI-00684,2882.45,13.53,24,137.76,964.32,1918.13,134,Vencido,2025-05-24,2025-12-20,2,7
PREST-00685,CLI-00685,568.96,20.38,84,12.76,382.8,186.16,0,Al día,2024-09-15,2026-08-31,0,30
PREST-00686,CLI-00686,7727.96,22.63,6,1374.33,1374.33,6353.63,131,Vencido,2025-04-07,2025-05-07,3,1
PREST-00687,CLI-00687,6898.75,24.96,18,463.4,1390.2,5508.55,8,Atrasado,2024-03-01,2024-05-30,2,3
PREST-00688,CLI-00688,6795.96,30.21,72,205.37,410.74,6385.22,21,Atrasado,2025-11-20,2026-01-19,3,2
PREST-00689,CLI-00689,1257.79,16.92,18,79.61,318.44,939.35,0,Al día,2025-10-26,2026-02-23,1,4
PREST-00690,CLI-00690,6206.2,26.65,6,1116.24,1116.24,5089.96,113,Vencido,2025-05-28,2025-06-27,5,1
PREST-00691,CLI-00691,5986.78,11.43,72,115.28,4150.08,1836.7,0,Al día,2025-11-05,2026-08-31,0,36
PREST-00692,CLI-00692,4581.44,19.94,60,121.23,1212.3,3369.14,0,Al día,2025-05-06,2026-03-02,0,10
PREST-00693,CLI-00693,7631.55,22.2,18,502.35,4521.15,3110.4,0,Al día,2024-11-03,2025-07-31,0,9
PREST-00694,CLI-00694,6410.19,15.52,24,312.39,1874.34,4535.85,0,Al día,2026-06-25,2026-08-31,0,6
PREST-00695,CLI-00695,3198.52,25.59,84,82.17,1725.57,1472.95,89,Atrasado,2025-05-08,2026-08-31,3,21
PREST-00696,CLI-00696,6673.07,16.82,36,237.32,4034.44,2638.63,0,Al día,2025-03-24,2026-08-16,1,17
PREST-00697,CLI-00697,2499.86,11.46,18,151.82,455.46,2044.4,0,Al día,2025-12-05,2026-03-05,0,3
PREST-00698,CLI-00698,7435.61,13.76,72,152.26,1827.12,5608.49,0,Al día,2024-11-14,2025-11-09,0,12
PREST-00699,CLI-00699,6871.25,19.84,36,254.8,1783.6,5087.65,0,Al día,2026-03-01,2026-08-31,0,7
PREST-00700,CLI-00700,1305.55,20.69,30,56.11,392.77,912.78,156,Vencido,2024-02-18,2024-09-15,4,7
PREST-00701,CLI-00701,7026.27,15.42,48,197.05,394.1,6632.17,0,Al día,2025-09-28,2025-11-27,0,2
PREST-00702,CLI-00702,3015.91,17.14,84,61.88,928.2,2087.71,0,Al día,2024-02-11,2025-05-06,0,15
PREST-00703,CLI-00703,4285.67,17.87,6,751.97,2255.91,2029.76,36,Atrasado,2024-04-06,2024-07-05,1,3
PREST-00704,CLI-00704,3709.35,30.48,24,208.32,833.28,2876.07,0,Al día,2026-02-04,2026-06-04,0,4
PREST-00705,CLI-00705,4900.26,13.66,60,113.16,3281.64,1618.62,142,Vencido,2025-11-30,2026-08-31,3,29
PREST-00706,CLI-00706,3914.19,24.24,84,97.18,777.44,3136.75,104,Vencido,2026-01-16,2026-08-31,2,8
PREST-00707,CLI-00707,6869.61,24.7,18,460.57,2302.85,4566.76,0,Al día,2026-03-28,2026-08-25,0,5
PREST-00708,CLI-00708,4396.87,17.67,84,91.56,1739.64,2657.23,0,Al día,2024-03-06,2025-09-27,0,19
PREST-00709,CLI-00709,6295.04,16.19,36,221.91,2441.01,3854.03,0,Al día,2024-02-08,2025-01-03,0,11
PREST-00710,CLI-00710,5670.52,17.16,84,116.41,1047.69,4622.83,51,Atrasado,2024-07-22,2025-04-18,2,9
PREST-00711,CLI-00711,5290.29,33.32,30,262.17,2883.87,2406.42,86,Atrasado,2026-04-15,2026-08-31,1,11
PREST-00712,CLI-00712,5348.95,26.74,84,141.4,1414.0,3934.95,61,Atrasado,2025-10-07,2026-08-03,3,10
PREST-00713,CLI-00713,4819.36,27.15,36,197.14,2957.1,1862.26,0,Al día,2024-03-29,2025-06-22,1,15
PREST-00714,CLI-00714,2281.14,26.3,24,123.24,985.92,1295.22,0,Al día,2025-11-21,2026-07-19,1,8
PREST-00715,CLI-00715,1786.25,27.23,24,97.35,1070.85,715.4,0,Al día,2024-06-29,2025-05-25,0,11
PREST-00716,CLI-00716,4236.74,22.05,6,752.22,2256.66,1980.08,0,Al día,2024-02-23,2024-05-23,0,3
PREST-00717,CLI-00717,728.6,26.61,18,49.53,99.06,629.54,155,Vencido,2024-10-08,2024-12-07,5,2
PREST-00718,CLI-00718,4288.41,17.51,72,96.63,2029.23,2259.18,0,Al día,2025-04-16,2026-08-31,0,21
PREST-00719,CLI-00719,1077.1,10.66,72,20.31,203.1,874.0,0,Al día,2026-04-03,2026-08-31,0,10
PREST-00720,CLI-00720,8426.09,22.8,6,1499.2,2998.4,5427.69,100,Vencido,2024-09-29,2024-11-28,4,2
PREST-00721,CLI-00721,6000.61,13.33,84,110.24,2645.76,3354.85,0,Al día,2025-12-17,2026-08-31,0,24
PREST-00722,CLI-00722,2674.58,24.06,36,105.02,525.1,2149.48,0,Al día,2025-06-08,2025-11-05,1,5
PREST-00723,CLI-00723,3631.24,28.62,6,656.72,1313.44,2317.8,0,Al día,2026-05-20,2026-07-19,0,2
PREST-00724,CLI-00724,1592.82,14.59,60,37.55,450.6,1142.22,119,Vencido,2025-02-04,2026-01-30,5,12
PREST-00725,CLI-00725,3309.38,12.99,18,203.34,1220.04,2089.34,0,Al día,2025-06-29,2025-12-26,0,6
PREST-00726,CLI-00726,1100.47,31.6,6,200.68,602.04,498.43,0,Al día,2024-09-07,2024-12-06,0,3
PREST-00727,CLI-00727,6543.96,20.45,24,334.5,3010.5,3533.46,0,Al día,2026-02-03,2026-08-31,0,9
PREST-00728,CLI-00728,5141.49,12.78,30,201.12,804.48,4337.01,69,Atrasado,2024-03-26,2024-07-24,2,4
PREST-00729,CLI-00729,1551.8,27.19,12,149.14,894.84,656.96,0,Al día,2025-07-19,2026-01-15,0,6
PREST-00730,CLI-00730,5911.49,18.96,30,248.95,995.8,4915.69,0,Al día,2026-06-10,2026-08-31,1,4
PREST-00731,CLI-00731,6884.65,27.33,84,184.65,4800.9,2083.75,0,Al día,2026-03-26,2026-08-31,0,26
PREST-00732,CLI-00732,2364.88,33.55,72,76.64,2246.64,118.24,0,Al día,2025-07-24,2026-08-31,0,31
PREST-00733,CLI-00733,6518.91,11.02,18,394.58,1578.32,4940.59,0,Al día,2024-12-22,2025-04-21,0,4
PREST-00734,CLI-00734,5314.26,26.86,36,216.56,2165.6,3148.66,75,Atrasado,2024-04-02,2025-01-27,3,10
PREST-00735,CLI-00735,4569.37,27.94,18,313.66,313.66,4255.71,0,Al día,2026-07-18,2026-08-17,0,1
PREST-00736,CLI-00736,3051.57,33.44,18,217.89,1089.45,1962.12,0,Al día,2025-04-02,2025-08-30,0,5
PREST-00737,CLI-00737,3883.03,28.94,60,123.11,1477.32,2405.71,0,Al día,2026-05-16,2026-08-31,0,12
PREST-00738,CLI-00738,8140.29,26.91,12,781.25,4687.5,3452.79,9,Atrasado,2025-07-12,2026-01-08,2,6
PREST-00739,CLI-00739,1322.52,24.28,36,52.08,156.24,1166.28,0,Al día,2024-12-08,2025-03-08,0,3
PREST-00740,CLI-00740,4209.38,16.86,84,85.68,1970.64,2238.74,0,Al día,2026-06-17,2026-08-31,0,23
PREST-00741,CLI-00741,7408.92,28.05,24,406.85,3254.8,4154.12,0,Al día,2025-06-04,2026-01-30,0,8
PREST-00742,CLI-00742,3918.08,12.03,18,238.99,1194.95,2723.13,0,Al día,2026-05-17,2026-08-31,0,5
PREST-00743,CLI-00743,7709.67,13.11,36,260.18,2601.8,5107.87,0,Al día,2025-11-20,2026-08-31,0,10
PREST-00744,CLI-00744,3566.88,17.19,60,89.01,2225.25,1341.63,0,Al día,2024-08-05,2026-08-25,0,25
PREST-00745,CLI-00745,7036.94,23.53,48,227.59,3641.44,3395.5,0,Al día,2025-07-12,2026-08-31,1,16
PREST-00746,CLI-00746,6296.01,30.99,12,616.85,1850.55,4445.46,0,Al día,2024-04-25,2024-07-24,0,3
PREST-00747,CLI-00747,7290.0,23.39,36,283.68,1702.08,5587.92,0,Al día,2025-07-24,2026-01-20,1,6
PREST-00748,CLI-00748,1600.0,29.6,72,47.72,1002.12,597.88,0,Al día,2026-06-18,2026-08-31,0,21
PREST-00749,CLI-00749,6561.61,21.01,6,1161.59,1161.59,5400.02,0,Al día,2024-08-08,2024-09-07,0,1
PREST-00750,CLI-00750,3883.68,19.83,12,359.45,718.9,3164.78,0,Al día,2025-10-12,2025-12-11,0,2
PREST-00751,CLI-00751,2160.06,24.02,60,62.17,1492.08,667.98,0,Al día,2025-01-05,2026-08-31,0,24
PREST-00752,CLI-00752,846.79,30.0,36,35.95,431.4,415.39,154,Vencido,2024-06-27,2025-06-22,2,12
PREST-00753,CLI-00753,8141.22,28.52,60,256.04,6913.08,1228.14,99,Vencido,2025-11-06,2026-08-31,5,27
PREST-00754,CLI-00754,5135.78,21.07,60,139.14,3061.08,2074.7,69,Atrasado,2024-06-18,2026-04-09,1,22
PREST-00755,CLI-00755,7269.9,30.39,48,263.41,1317.05,5952.85,6,Atrasado,2025-07-18,2025-12-15,3,5
PREST-00756,CLI-00756,845.08,10.54,6,145.21,435.63,409.45,0,Al día,2025-12-27,2026-03-27,1,3
PREST-00757,CLI-00757,6542.46,32.95,60,223.68,671.04,5871.42,0,Al día,2026-01-05,2026-04-05,0,3
PREST-00758,CLI-00758,4989.0,16.46,84,100.4,3614.4,1374.6,0,Al día,2025-11-10,2026-08-31,0,36
PREST-00759,CLI-00759,1258.41,33.67,6,230.81,230.81,1027.6,0,Al día,2024-01-08,2024-02-07,0,1
PREST-00760,CLI-00760,2483.21,22.18,18,163.43,653.72,1829.49,0,Al día,2026-01-20,2026-05-20,0,4
PREST-00761,CLI-00761,888.88,28.06,72,25.64,844.44,44.44,0,Al día,2026-07-30,2026-08-31,0,33
PREST-00762,CLI-00762,8376.66,17.78,6,1469.4,1469.4,6907.26,7,Atrasado,2025-01-17,2025-02-16,3,1
PREST-00763,CLI-00763,6291.61,32.07,60,211.63,634.89,5656.72,0,Al día,2024-03-28,2024-06-26,0,3
PREST-00764,CLI-00764,8145.88,18.25,48,240.35,5287.7,2858.18,40,Atrasado,2025-05-17,2026-08-31,1,22
PREST-00765,CLI-00765,5537.55,32.9,30,273.17,819.51,4718.04,0,Al día,2025-01-24,2025-04-24,0,3
PREST-00766,CLI-00766,1083.71,11.03,24,50.52,505.2,578.51,0,Al día,2024-10-04,2025-07-31,1,10
PREST-00767,CLI-00767,5630.76,25.86,36,226.45,3396.75,2234.01,0,Al día,2025-11-06,2026-08-31,0,15
PREST-00768,CLI-00768,6208.81,28.5,48,218.17,2618.04,3590.77,78,Atrasado,2024-06-12,2025-06-07,2,12
PREST-00769,CLI-00769,6944.49,13.67,60,160.4,3208.0,3736.49,117,Vencido,2025-11-04,2026-08-31,2,20
PREST-00770,CLI-00770,8453.16,23.56,48,273.54,5197.26,3255.9,0,Al día,2026-04-26,2026-08-31,1,19
PREST-00771,CLI-00771,5291.53,32.28,36,231.29,3931.93,1359.6,0,Al día,2025-01-07,2026-06-01,0,17
PREST-00772,CLI-00772,3253.33,33.25,6,596.0,1788.0,1465.33,0,Al día,2024-06-18,2024-09-16,0,3
PREST-00773,CLI-00773,696.85,13.99,72,14.36,215.4,481.45,0,Al día,2024-11-20,2026-02-13,0,15
PREST-00774,CLI-00774,1634.76,21.99,48,51.5,515.0,1119.76,0,Al día,2024-01-08,2024-11-03,0,10
PREST-00775,CLI-00775,3941.73,28.86,30,185.95,929.75,3011.98,0,Al día,2026-07-19,2026-08-31,1,5
PREST-00776,CLI-00776,4867.79,29.0,72,143.32,2006.48,2861.31,0,Al día,2024-11-19,2026-01-13,0,14
PREST-00777,CLI-00777,8138.13,27.75,6,1468.23,2936.46,5201.67,0,Al día,2024-03-28,2024-05-27,0,2
PREST-00778,CLI-00778,5705.08,19.85,36,211.59,2539.08,3166.0,15,Atrasado,2024-08-08,2025-08-03,2,12
PREST-00779,CLI-00779,1084.66,31.99,6,198.01,594.03,490.63,0,Al día,2024-08-21,2024-11-19,0,3
PREST-00780,CLI-00780,5168.39,28.64,72,150.98,1056.86,4111.53,0,Al día,2026-06-03,2026-08-31,1,7
PREST-00781,CLI-00781,7836.11,31.65,72,244.14,7324.2,511.91,131,Vencido,2026-06-18,2026-08-31,3,30
PREST-00782,CLI-00782,1928.94,17.1,12,176.02,352.04,1576.9,0,Al día,2025-09-11,2025-11-10,0,2
PREST-00783,CLI-00783,3124.95,11.95,84,55.08,1982.88,1142.07,0,Al día,2024-09-12,2026-08-31,0,36
PREST-00784,CLI-00784,452.9,29.41,48,16.15,242.25,210.65,69,Atrasado,2024-09-15,2025-12-09,3,15
PREST-00785,CLI-00785,7248.31,10.72,24,336.89,3705.79,3542.52,0,Al día,2024-11-26,2025-10-22,0,11
PREST-00786,CLI-00786,4643.09,18.67,36,169.42,1694.2,2948.89,0,Al día,2024-11-23,2025-09-19,0,10
PREST-00787,CLI-00787,4002.69,20.09,72,96.08,2209.84,1792.85,0,Al día,2026-03-31,2026-08-31,0,23
PREST-00788,CLI-00788,3773.03,23.93,18,251.54,1257.7,2515.33,0,Al día,2024-09-09,2025-02-06,1,5
PREST-00789,CLI-00789,8467.3,14.73,72,177.8,6045.2,2422.1,108,Vencido,2024-04-05,2026-08-31,5,34
PREST-00790,CLI-00790,2571.61,30.76,48,93.73,937.3,1634.31,0,Al día,2024-10-04,2025-07-31,0,10
PREST-00791,CLI-00791,7635.7,23.25,18,506.52,4052.16,3583.54,67,Atrasado,2024-11-28,2025-07-26,3,8
PREST-00792,CLI-00792,3728.67,23.35,72,96.7,676.9,3051.77,0,Al día,2024-01-01,2024-07-29,0,7
PREST-00793,CLI-00793,6192.55,15.52,18,387.84,775.68,5416.87,134,Vencido,2024-06-10,2024-08-09,3,2
PREST-00794,CLI-00794,3914.28,21.76,24,202.6,405.2,3509.08,0,Al día,2024-02-04,2024-04-04,0,2
PREST-00795,CLI-00795,8285.0,10.69,30,315.93,3159.3,5125.7,0,Al día,2026-08-20,2026-08-31,0,10
PREST-00796,CLI-00796,6097.66,14.67,48,168.68,1686.8,4410.86,0,Al día,2024-06-23,2025-04-19,0,10
PREST-00797,CLI-00797,4380.73,15.53,48,123.1,2338.9,2041.83,0,Al día,2024-06-04,2025-12-26,0,19
PREST-00798,CLI-00798,1516.89,19.87,48,46.05,506.55,1010.34,0,Al día,2026-08-01,2026-08-31,0,11
PREST-00799,CLI-00799,5270.98,18.42,18,337.38,1686.9,3584.08,0,Al día,2025-07-04,2025-12-01,0,5
PREST-00800,CLI-00800,1842.08,20.56,60,49.38,1382.64,459.44,2,Atrasado,2024-03-14,2026-07-02,3,28
PREST-00801,CLI-00801,348.58,19.34,48,10.49,31.47,317.11,0,Al día,2024-12-13,2025-03-13,0,3
PREST-00802,CLI-00802,3168.77,25.25,36,126.41,632.05,2536.72,0,Al día,2026-08-30,2026-08-31,0,5
PREST-00803,CLI-00803,6401.21,22.33,60,178.0,356.0,6045.21,0,Al día,2024-09-06,2024-11-05,0,2
PREST-00804,CLI-00804,7130.04,27.95,18,489.46,2447.3,4682.74,33,Atrasado,2025-01-02,2025-06-01,1,5
PREST-00805,CLI-00805,4364.88,17.86,30,181.45,1633.05,2731.83,30,Atrasado,2026-08-02,2026-08-31,3,9
PREST-00806,CLI-00806,2060.9,18.87,60,53.31,373.17,1687.73,72,Atrasado,2025-08-12,2026-03-10,1,7
PREST-00807,CLI-00807,3506.96,12.38,60,78.69,236.07,3270.89,0,Al día,2025-06-18,2025-09-16,0,3
PREST-00808,CLI-00808,2613.68,15.98,18,164.26,657.04,1956.64,0,Al día,2026-08-20,2026-08-31,0,4
PREST-00809,CLI-00809,4241.93,32.39,18,300.63,1803.78,2438.15,0,Al día,2024-11-29,2025-05-28,0,6
PREST-00810,CLI-00810,7123.18,18.99,18,457.87,4120.83,3002.35,0,Al día,2024-10-30,2025-07-27,0,9
PREST-00811,CLI-00811,6340.55,13.17,72,127.85,2684.85,3655.7,0,Al día,2024-09-13,2026-06-05,0,21
PREST-00812,CLI-00812,515.64,16.63,72,11.36,249.92,265.72,0,Al día,2025-06-07,2026-08-31,0,22
PREST-00813,CLI-00813,4689.07,27.06,84,124.93,1749.02,2940.05,0,Al día,2026-07-28,2026-08-31,0,14
PREST-00814,CLI-00814,3180.2,29.58,24,177.13,531.39,2648.81,0,Al día,2026-03-25,2026-06-23,0,3
PREST-00815,CLI-00815,4168.4,22.15,18,274.29,1371.45,2796.95,0,Al día,2025-06-11,2025-11-08,0,5
PREST-00816,CLI-00816,773.86,13.81,24,37.09,148.36,625.5,0,Al día,2025-09-14,2026-01-12,0,4
PREST-00817,CLI-00817,4265.59,14.21,18,264.52,1851.64,2413.95,0,Al día,2025-07-15,2026-02-10,0,7
PREST-00818,CLI-00818,4827.72,28.19,24,265.45,2123.6,2704.12,0,Al día,2024-02-03,2024-09-30,0,8
PREST-00819,CLI-00819,1307.87,15.27,48,36.58,36.58,1271.29,78,Atrasado,2026-03-22,2026-04-21,1,1
PREST-00820,CLI-00820,1008.86,28.35,48,35.36,848.64,160.22,0,Al día,2025-12-26,2026-08-31,0,24
PREST-00821,CLI-00821,2772.21,33.25,48,105.12,1366.56,1405.65,74,Atrasado,2026-04-08,2026-08-31,3,13
PREST-00822,CLI-00822,3509.93,16.66,18,221.72,443.44,3066.49,0,Al día,2025-01-17,2025-03-18,0,2
PREST-00823,CLI-00823,5766.42,17.76,30,239.43,957.72,4808.7,49,Atrasado,2025-10-14,2026-02-11,1,4
PREST-00824,CLI-00824,7299.77,16.19,72,159.11,795.55,6504.22,0,Al día,2025-06-14,2025-11-11,0,5
PREST-00825,CLI-00825,4498.55,33.82,30,224.16,2914.08,1584.47,0,Al día,2024-07-01,2025-07-26,0,13
PREST-00826,CLI-00826,1482.18,32.13,60,49.91,1397.48,84.7,0,Al día,2026-07-30,2026-08-31,0,28
PREST-00827,CLI-00827,5400.64,22.38,84,127.79,1405.69,3994.95,46,Atrasado,2025-06-09,2026-05-05,2,11
PREST-00828,CLI-00828,7128.0,15.22,48,199.17,2390.04,4737.96,0,Al día,2025-11-17,2026-08-31,0,12
PREST-00829,CLI-00829,1107.16,32.04,84,33.19,1051.8,55.36,0,Al día,2024-10-29,2026-08-31,0,42
PREST-00830,CLI-00830,3363.24,15.54,6,586.22,586.22,2777.02,179,Vencido,2026-08-15,2026-08-31,2,1
PREST-00831,CLI-00831,4780.65,18.87,60,123.67,494.68,4285.97,89,Atrasado,2026-04-03,2026-08-01,3,4
PREST-00832,CLI-00832,1814.65,19.79,60,47.87,430.83,1383.82,0,Al día,2025-12-03,2026-08-30,0,9
PREST-00833,CLI-00833,2941.06,24.1,48,96.05,192.1,2748.96,0,Al día,2025-10-14,2025-12-13,0,2
PREST-00834,CLI-00834,3075.92,10.98,12,271.83,1630.98,1444.94,0,Al día,2024-10-11,2025-04-09,0,6
PREST-00835,CLI-00835,5455.52,23.51,84,132.93,1861.02,3594.5,0,Al día,2024-05-13,2025-07-07,0,14
PREST-00836,CLI-00836,2068.25,12.47,6,357.35,357.35,1710.9,0,Al día,2024-01-13,2024-02-12,0,1
PREST-00837,CLI-00837,4980.99,22.89,30,219.58,2415.38,2565.61,0,Al día,2026-01-31,2026-08-31,0,11
PREST-00838,CLI-00838,5167.61,14.36,48,142.15,1847.95,3319.66,0,Al día,2026-05-17,2026-08-31,0,13
PREST-00839,CLI-00839,6262.26,13.02,36,211.06,1688.48,4573.78,0,Al día,2026-02-14,2026-08-31,0,8
PREST-00840,CLI-00840,7626.98,19.65,12,705.24,2115.72,5511.26,60,Atrasado,2025-03-05,2025-06-03,1,3
PREST-00841,CLI-00841,7919.94,17.63,48,231.12,3004.56,4915.38,0,Al día,2025-06-23,2026-07-18,0,13
PREST-00842,CLI-00842,4866.42,17.03,48,140.5,702.5,4163.92,0,Al día,2025-05-23,2025-10-20,0,5
PREST-00843,CLI-00843,2946.01,25.66,30,134.05,804.3,2141.71,0,Al día,2026-02-02,2026-08-01,0,6
PREST-00844,CLI-00844,1874.68,25.5,84,48.05,1009.05,865.63,179,Vencido,2024-05-16,2026-02-05,2,21
PREST-00845,CLI-00845,6337.5,23.93,48,206.37,206.37,6131.13,0,Al día,2026-04-01,2026-05-01,0,1
PREST-00846,CLI-00846,953.09,20.6,72,23.16,162.12,790.97,86,Atrasado,2025-01-26,2025-08-24,1,7
PREST-00847,CLI-00847,3029.11,28.24,72,87.72,2719.32,309.79,74,Atrasado,2026-02-06,2026-08-31,3,31
PREST-00848,CLI-00848,3362.86,27.0,18,229.27,229.27,3133.59,140,Vencido,2026-07-19,2026-08-18,2,1
PREST-00849,CLI-00849,2367.89,15.29,24,115.14,1381.68,986.21,0,Al día,2026-08-06,2026-08-31,0,12
PREST-00850,CLI-00850,1656.04,33.48,24,95.59,1147.08,508.96,127,Vencido,2024-03-01,2025-02-24,3,12
PREST-00851,CLI-00851,5955.55,30.53,36,254.55,2290.95,3664.6,0,Al día,2024-11-10,2025-08-07,0,9
PREST-00852,CLI-00852,1270.5,28.38,60,39.85,39.85,1230.65,0,Al día,2025-01-19,2025-02-18,0,1
PREST-00853,CLI-00853,2378.35,12.24,36,79.27,317.08,2061.27,23,Atrasado,2025-08-18,2025-12-16,2,4
PREST-00854,CLI-00854,1130.37,31.01,12,110.76,553.8,576.57,0,Al día,2025-12-11,2026-05-10,0,5
PREST-00855,CLI-00855,3155.49,27.19,36,129.15,1291.5,1863.99,0,Al día,2026-01-18,2026-08-31,0,10
PREST-00856,CLI-00856,3512.53,24.06,36,137.92,1103.36,2409.17,10,Atrasado,2025-10-22,2026-06-19,1,8
PREST-00857,CLI-00857,8303.78,16.54,72,182.6,5478.0,2825.78,0,Al día,2025-04-20,2026-08-31,0,30
PREST-00858,CLI-00858,8115.62,22.64,84,193.34,2706.76,5408.86,0,Al día,2024-06-16,2025-08-10,0,14
PREST-00859,CLI-00859,5019.51,32.84,12,496.38,2978.28,2041.23,113,Vencido,2025-08-21,2026-02-17,3,6
PREST-00860,CLI-00860,5064.58,32.69,60,172.32,1033.92,4030.66,80,Atrasado,2025-12-06,2026-06-04,3,6
PREST-00861,CLI-00861,2564.17,32.36,72,81.08,2351.32,212.85,81,Atrasado,2025-11-07,2026-08-31,3,29
PREST-00862,CLI-00862,1176.46,26.01,60,35.23,528.45,648.01,48,Atrasado,2024-09-11,2025-12-05,3,15
PREST-00863,CLI-00863,7954.22,27.08,36,325.07,325.07,7629.15,0,Al día,2024-10-29,2024-11-28,0,1
PREST-00864,CLI-00864,3000.7,13.75,36,102.19,1839.42,1161.28,111,Vencido,2024-10-03,2026-03-27,5,18
PREST-00865,CLI-00865,4300.59,27.0,30,198.68,2185.48,2115.11,60,Atrasado,2026-06-14,2026-08-31,1,11
PREST-00866,CLI-00866,7979.84,19.39,60,208.72,1461.04,6518.8,0,Al día,2026-03-20,2026-08-31,0,7
PREST-00867,CLI-00867,1844.62,18.75,60,47.6,238.0,1606.62,0,Al día,2025-09-24,2026-02-21,0,5
PREST-00868,CLI-00868,6182.71,32.67,48,232.32,3717.12,2465.59,0,Al día,2026-05-05,2026-08-31,0,16
PREST-00869,CLI-00869,5243.02,33.67,60,181.64,4980.87,262.15,0,Al día,2026-01-03,2026-08-31,0,29
PREST-00870,CLI-00870,3810.53,31.19,6,694.1,2082.3,1728.23,101,Vencido,2026-05-07,2026-08-05,3,3
PREST-00871,CLI-00871,6120.4,32.84,6,1119.97,2239.94,3880.46,0,Al día,2024-11-03,2025-01-02,0,2
PREST-00872,CLI-00872,2368.69,24.29,84,58.88,1589.76,778.93,0,Al día,2025-02-05,2026-08-31,0,27
PREST-00873,CLI-00873,7997.83,23.05,84,192.58,7318.04,679.79,111,Vencido,2026-06-17,2026-08-31,5,38
PREST-00874,CLI-00874,3742.94,22.44,30,164.15,164.15,3578.79,0,Al día,2026-07-26,2026-08-25,0,1
PREST-00875,CLI-00875,4376.66,13.67,6,758.8,758.8,3617.86,0,Al día,2025-11-12,2025-12-12,0,1
PREST-00876,CLI-00876,2025.79,17.98,30,84.33,1180.62,845.17,0,Al día,2024-10-01,2025-11-25,0,14
PREST-00877,CLI-00877,3034.8,15.65,18,190.26,1522.08,1512.72,81,Atrasado,2024-03-05,2024-10-31,3,8
PREST-00878,CLI-00878,1382.95,16.75,30,56.74,56.74,1326.21,0,Al día,2024-08-16,2024-09-15,0,1
PREST-00879,CLI-00879,5231.15,23.33,18,347.22,1041.66,4189.49,103,Vencido,2024-07-11,2024-10-09,5,3
PREST-00880,CLI-00880,1870.25,14.43,84,35.49,461.37,1408.88,0,Al día,2025-08-03,2026-08-28,0,13
PREST-00881,CLI-00881,2848.81,33.63,24,164.66,1975.92,872.89,0,Al día,2025-01-11,2026-01-06,1,12
PREST-00882,CLI-00882,7165.2,12.69,24,339.6,3396.0,3769.2,0,Al día,2024-12-16,2025-10-12,0,10
PREST-00883,CLI-00883,7490.11,13.46,60,172.19,3615.99,3874.12,0,Al día,2025-09-13,2026-08-31,1,21
PREST-00884,CLI-00884,4409.18,26.64,18,299.82,2698.38,1710.8,0,Al día,2026-07-17,2026-08-31,0,9
PREST-00885,CLI-00885,827.42,19.96,36,30.73,245.84,581.58,0,Al día,2026-08-07,2026-08-31,1,8
PREST-00886,CLI-00886,1345.5,12.69,18,82.48,329.92,1015.58,0,Al día,2025-11-24,2026-03-24,0,4
PREST-00887,CLI-00887,4001.54,22.28,36,153.4,1534.0,2467.54,0,Al día,2024-09-15,2025-07-12,0,10
PREST-00888,CLI-00888,1305.18,32.31,18,92.45,369.8,935.38,40,Atrasado,2026-06-25,2026-08-31,2,4
PREST-00889,CLI-00889,3076.87,13.47,12,275.5,1653.0,1423.87,35,Atrasado,2025-02-15,2025-08-14,3,6
PREST-00890,CLI-00890,4338.68,32.0,30,211.93,1695.44,2643.24,0,Al día,2026-04-07,2026-08-31,0,8
PREST-00891,CLI-00891,5494.99,16.34,18,346.28,3116.52,2378.47,38,Atrasado,2024-12-25,2025-09-21,3,9
PREST-00892,CLI-00892,1363.59,21.16,18,89.07,89.07,1274.52,0,Al día,2024-05-07,2024-06-06,0,1
PREST-00893,CLI-00893,6747.84,23.81,30,300.63,3006.3,3741.54,0,Al día,2025-08-06,2026-06-02,0,10
PREST-00894,CLI-00894,4579.45,26.1,48,154.66,618.64,3960.81,0,Al día,2025-07-13,2025-11-10,0,4
PREST-00895,CLI-00895,4737.74,11.06,36,155.24,2483.84,2253.9,128,Vencido,2024-11-13,2026-03-08,2,16
PREST-00896,CLI-00896,1022.64,30.39,24,57.38,459.04,563.6,0,Al día,2025-07-07,2026-03-04,0,8
PREST-00897,CLI-00897,5437.18,29.19,12,527.89,3167.34,2269.84,0,Al día,2025-03-16,2025-09-12,0,6
PREST-00898,CLI-00898,5465.35,10.92,18,330.55,330.55,5134.8,123,Vencido,2024-06-07,2024-07-07,5,1
PREST-00899,CLI-00899,2420.93,18.51,60,62.15,745.8,1675.13,26,Atrasado,2024-10-04,2025-09-29,2,12
PREST-00900,CLI-00900,1650.82,18.76,30,69.36,624.24,1026.58,0,Al día,2026-03-20,2026-08-31,0,9
PREST-00901,CLI-00901,4853.16,12.85,60,110.05,1430.65,3422.51,8,Atrasado,2025-06-22,2026-07-17,3,13
PREST-00902,CLI-00902,2348.98,24.98,12,223.23,1339.38,1009.6,93,Vencido,2025-08-15,2026-02-11,4,6
PREST-00903,CLI-00903,8314.43,30.32,12,811.86,811.86,7502.57,0,Al día,2025-07-08,2025-08-07,0,1
PREST-00904,CLI-00904,4646.95,13.74,30,183.9,919.5,3727.45,0,Al día,2024-03-10,2024-08-07,0,5
PREST-00905,CLI-00905,2846.93,21.33,24,146.75,1320.75,1526.18,59,Atrasado,2025-05-18,2026-02-12,1,9
PREST-00906,CLI-00906,3439.86,16.4,24,169.08,1014.48,2425.38,57,Atrasado,2024-05-23,2024-11-19,1,6
PREST-00907,CLI-00907,3634.33,23.68,60,103.88,2908.64,725.69,1,Atrasado,2025-07-18,2026-08-31,2,28
PREST-00908,CLI-00908,6762.58,30.13,36,287.56,2012.92,4749.66,49,Atrasado,2025-12-23,2026-07-21,2,7
PREST-00909,CLI-00909,4782.77,27.17,60,146.53,2197.95,2584.82,0,Al día,2024-03-06,2025-05-30,0,15
PREST-00910,CLI-00910,6905.76,29.1,48,245.05,3185.65,3720.11,0,Al día,2024-07-22,2025-08-16,0,13
PREST-00911,CLI-00911,919.55,16.3,18,57.93,231.72,687.83,0,Al día,2026-04-10,2026-08-08,1,4
PREST-00912,CLI-00912,397.35,17.57,48,11.58,81.06,316.29,71,Atrasado,2025-06-02,2025-12-29,2,7
PREST-00913,CLI-00913,7782.38,16.75,84,157.92,5843.04,1939.34,0,Al día,2026-05-12,2026-08-31,0,37
PREST-00914,CLI-00914,2230.34,27.58,36,91.75,1559.75,670.59,0,Al día,2025-05-30,2026-08-31,0,17
PREST-00915,CLI-00915,4304.35,11.03,84,73.77,1254.09,3050.26,0,Al día,2026-07-15,2026-08-31,0,17
PREST-00916,CLI-00916,1670.5,20.07,6,294.94,589.88,1080.62,0,Al día,2025-04-04,2025-06-03,0,2
PREST-00917,CLI-00917,1590.5,26.27,6,285.76,285.76,1304.74,0,Al día,2024-09-25,2024-10-25,0,1
PREST-00918,CLI-00918,5205.1,16.71,36,184.83,1293.81,3911.29,71,Atrasado,2025-04-26,2025-11-22,1,7
PREST-00919,CLI-00919,5080.59,19.94,72,121.52,3402.56,1678.03,59,Atrasado,2026-04-05,2026-08-31,1,28
PREST-00920,CLI-00920,788.0,16.92,48,22.71,499.62,288.38,0,Al día,2025-12-21,2026-08-31,0,22
PREST-00921,CLI-00921,2457.17,24.04,24,129.96,779.76,1677.41,0,Al día,2026-07-18,2026-08-31,0,6
PREST-00922,CLI-00922,6156.57,12.13,24,290.19,2901.9,3254.67,0,Al día,2026-01-23,2026-08-31,0,10
PREST-00923,CLI-00923,2950.19,17.99,24,147.27,1619.97,1330.22,176,Vencido,2024-04-29,2025-03-25,3,11
PREST-00924,CLI-00924,7347.36,16.52,72,161.49,5006.19,2341.17,81,Atrasado,2025-05-12,2026-08-31,1,31
PREST-00925,CLI-00925,5906.34,10.96,6,1016.1,1016.1,4890.24,0,Al día,2025-06-04,2025-07-04,0,1
PREST-00926,CLI-00926,6167.62,27.46,30,286.42,1718.52,4449.1,0,Al día,2025-08-06,2026-02-02,0,6
PREST-00927,CLI-00927,1292.2,14.46,36,44.45,311.15,981.05,0,Al día,2025-07-16,2026-02-11,0,7
PREST-00928,CLI-00928,938.28,19.28,84,20.43,204.3,733.98,0,Al día,2024-11-24,2025-09-20,0,10
PREST-00929,CLI-00929,6895.43,31.63,48,254.86,5097.2,1798.23,0,Al día,2024-01-16,2025-09-07,0,20
PREST-00930,CLI-00930,4426.76,25.49,24,237.35,1424.1,3002.66,0,Al día,2024-08-07,2025-02-03,0,6
PREST-00931,CLI-00931,5605.98,21.41,48,174.83,3846.26,1759.72,0,Al día,2025-02-08,2026-08-31,0,22
PREST-00932,CLI-00932,5348.02,12.73,36,179.5,897.5,4450.52,0,Al día,2026-05-27,2026-08-31,1,5
PREST-00933,CLI-00933,4102.14,12.58,12,365.58,1462.32,2639.82,0,Al día,2026-03-09,2026-07-07,0,4
PREST-00934,CLI-00934,8160.07,13.84,12,732.05,2196.15,5963.92,81,Atrasado,2025-08-18,2025-11-16,1,3
PREST-00935,CLI-00935,4149.37,27.43,6,747.93,747.93,3401.44,0,Al día,2025-03-03,2025-04-02,0,1
PREST-00936,CLI-00936,8222.02,30.06,36,349.31,4191.72,4030.3,0,Al día,2025-07-09,2026-07-04,0,12
PREST-00937,CLI-00937,1074.59,33.74,72,34.96,1013.84,60.75,58,Atrasado,2024-02-04,2026-06-23,2,29
PREST-00938,CLI-00938,2150.7,10.99,72,40.93,122.79,2027.91,0,Al día,2024-08-08,2024-11-06,0,3
PREST-00939,CLI-00939,1831.21,18.63,48,54.4,272.0,1559.21,82,Atrasado,2024-08-02,2024-12-30,3,5
PREST-00940,CLI-00940,3714.42,21.1,60,100.7,2718.9,995.52,0,Al día,2024-05-25,2026-08-13,0,27
PREST-00941,CLI-00941,2841.84,32.41,30,139.44,1394.4,1447.44,42,Atrasado,2024-05-12,2025-03-08,2,10
PREST-00942,CLI-00942,6747.6,31.22,24,381.53,1907.65,4839.95,0,Al día,2026-05-11,2026-08-31,0,5
PREST-00943,CLI-00943,3409.12,18.5,6,599.24,599.24,2809.88,0,Al día,2025-11-29,2025-12-29,0,1
PREST-00944,CLI-00944,2853.28,30.99,48,104.38,1670.08,1183.2,0,Al día,2025-05-16,2026-08-31,0,16
PREST-00945,CLI-00945,3065.35,27.37,6,552.44,1104.88,1960.47,0,Al día,2025-08-19,2025-10-18,0,2
PREST-00946,CLI-00946,3624.31,18.42,30,151.66,1819.92,1804.39,0,Al día,2025-08-22,2026-08-17,0,12
PREST-00947,CLI-00947,4488.06,21.19,60,121.9,975.2,3512.86,74,Atrasado,2024-09-18,2025-05-16,2,8
PREST-00948,CLI-00948,6359.73,19.83,48,192.95,1929.5,4430.23,0,Al día,2025-01-10,2025-11-06,0,10
PREST-00949,CLI-00949,1836.27,31.87,24,104.45,940.05,896.22,34,Atrasado,2025-01-23,2025-10-20,3,9
PREST-00950,CLI-00950,7088.19,11.03,24,330.46,330.46,6757.73,0,Al día,2024-02-14,2024-03-15,0,1
PREST-00951,CLI-00951,2319.42,31.73,6,423.12,846.24,1473.18,62,Atrasado,2026-03-04,2026-05-03,2,2
PREST-00952,CLI-00952,6222.95,14.98,30,249.97,2249.73,3973.22,0,Al día,2025-06-08,2026-03-05,0,9
PREST-00953,CLI-00953,3473.95,23.72,18,231.24,924.96,2548.99,0,Al día,2024-06-21,2024-10-19,1,4
PREST-00954,CLI-00954,8143.88,30.32,12,795.21,1590.42,6553.46,0,Al día,2025-08-01,2025-09-30,0,2
PREST-00955,CLI-00955,6866.64,32.08,84,206.03,4944.72,1921.92,0,Al día,2024-12-09,2026-08-31,0,24
PREST-00956,CLI-00956,4408.59,18.06,48,129.64,3111.36,1297.23,0,Al día,2024-02-04,2026-01-24,0,24
PREST-00957,CLI-00957,4652.15,24.36,30,208.58,2502.96,2149.19,0,Al día,2025-05-08,2026-05-03,0,12
PREST-00958,CLI-00958,4224.39,26.93,60,128.82,3606.96,617.43,0,Al día,2024-10-21,2026-08-31,1,28
PREST-00959,CLI-00959,5561.74,29.71,30,264.87,794.61,4767.13,0,Al día,2024-08-20,2024-11-18,1,3
PREST-00960,CLI-00960,5222.07,13.27,84,95.77,2106.94,3115.13,0,Al día,2025-08-27,2026-08-31,0,22
PREST-00961,CLI-00961,5037.43,22.6,18,332.57,1662.85,3374.58,0,Al día,2024-08-15,2025-01-12,0,5
PREST-00962,CLI-00962,5055.74,32.78,48,190.3,2473.9,2581.84,0,Al día,2024-12-02,2025-12-27,0,13
PREST-00963,CLI-00963,912.23,31.99,18,64.47,193.41,718.82,0,Al día,2025-01-19,2025-04-19,0,3
PREST-00964,CLI-00964,7151.68,33.23,18,509.89,2549.45,4602.23,0,Al día,2025-02-13,2025-07-13,0,5
PREST-00965,CLI-00965,4826.55,15.93,24,236.16,236.16,4590.39,0,Al día,2025-01-25,2025-02-24,0,1
PREST-00966,CLI-00966,2063.04,27.32,36,84.58,1184.12,878.92,166,Vencido,2024-01-10,2025-03-05,2,14
PREST-00967,CLI-00967,4399.81,13.81,36,149.97,2699.46,1700.35,58,Atrasado,2026-05-18,2026-08-31,1,18
PREST-00968,CLI-00968,442.93,27.75,48,15.37,215.18,227.75,0,Al día,2026-01-18,2026-08-31,0,14
PREST-00969,CLI-00969,4091.09,27.28,30,189.6,2275.2,1815.89,0,Al día,2025-08-22,2026-08-17,0,12
PREST-00970,CLI-00970,4848.53,24.02,24,256.4,3076.8,1771.73,0,Al día,2025-03-23,2026-03-18,0,12
PREST-00971,CLI-00971,6720.06,28.04,12,648.66,648.66,6071.4,43,Atrasado,2024-09-11,2024-10-11,1,1
PREST-00972,CLI-00972,3541.92,28.55,36,147.56,2360.96,1180.96,0,Al día,2025-12-03,2026-08-31,1,16
PREST-00973,CLI-00973,5941.3,29.12,72,175.38,701.52,5239.78,127,Vencido,2025-10-03,2026-01-31,3,4
PREST-00974,CLI-00974,4333.23,28.56,24,239.08,239.08,4094.15,173,Vencido,2025-06-12,2025-07-12,3,1
PREST-00975,CLI-00975,1918.71,24.02,72,50.54,758.1,1160.61,0,Al día,2026-04-13,2026-08-31,0,15
PREST-00976,CLI-00976,3214.32,29.78,36,136.07,1088.56,2125.76,39,Atrasado,2025-05-12,2026-01-07,3,8
PREST-00977,CLI-00977,7045.62,16.88,30,289.51,4342.65,2702.97,0,Al día,2024-07-28,2025-10-21,0,15
PREST-00978,CLI-00978,4707.69,33.89,30,234.76,1173.8,3533.89,0,Al día,2025-03-03,2025-07-31,0,5
PREST-00979,CLI-00979,638.25,20.64,72,15.53,559.08,79.17,0,Al día,2025-01-07,2026-08-31,0,36
PREST-00980,CLI-00980,2031.5,22.3,6,360.94,721.88,1309.62,0,Al día,2025-06-27,2025-08-26,0,2
PREST-00981,CLI-00981,2469.28,22.58,36,95.05,285.15,2184.13,5,Atrasado,2025-11-06,2026-02-04,3,3
PREST-00982,CLI-00982,2242.79,28.74,60,70.84,283.36,1959.43,0,Al día,2026-03-03,2026-07-01,0,4
PREST-00983,CLI-00983,6775.32,27.86,84,184.07,6436.55,338.77,0,Al día,2025-05-18,2026-08-31,0,36
PREST-00984,CLI-00984,7091.84,16.42,84,142.56,427.68,6664.16,71,Atrasado,2024-03-30,2024-06-28,1,3
PREST-00985,CLI-00985,3288.16,18.8,84,70.66,1342.54,1945.62,16,Atrasado,2025-10-30,2026-08-31,3,19
PREST-00986,CLI-00986,6791.45,21.68,72,169.36,4742.08,2049.37,2,Atrasado,2025-12-05,2026-08-31,3,28
PREST-00987,CLI-00987,5249.78,32.04,24,299.07,2093.49,3156.29,0,Al día,2024-03-26,2024-10-22,1,7
PREST-00988,CLI-00988,1270.43,33.92,84,39.73,476.76,793.67,0,Al día,2024-11-11,2025-11-06,0,12
PREST-00989,CLI-00989,3635.84,30.43,48,131.82,922.74,2713.1,0,Al día,2026-08-26,2026-08-31,0,7
PREST-00990,CLI-00990,8277.73,11.81,48,217.21,4561.41,3716.32,79,Atrasado,2026-06-28,2026-08-31,2,21
PREST-00991,CLI-00991,4263.15,18.4,48,126.12,126.12,4137.03,0,Al día,2026-02-12,2026-03-14,0,1
PREST-00992,CLI-00992,6909.34,26.78,72,193.74,2518.62,4390.72,0,Al día,2025-01-31,2026-02-25,0,13
PREST-00993,CLI-00993,1731.59,17.22,12,158.11,316.22,1415.37,38,Atrasado,2025-04-05,2025-06-04,2,2
PREST-00994,CLI-00994,4369.69,20.33,6,772.07,1544.14,2825.55,30,Atrasado,2024-04-11,2024-06-10,1,2
PREST-00995,CLI-00995,3296.7,32.5,60,111.78,2235.6,1061.1,13,Atrasado,2026-07-23,2026-08-31,2,20
PREST-00996,CLI-00996,1809.14,17.45,60,45.4,726.4,1082.74,28,Atrasado,2025-11-22,2026-08-31,2,16
PREST-00997,CLI-00997,1121.98,27.37,72,31.87,1065.88,56.1,0,Al día,2024-01-09,2026-08-31,1,36
PREST-00998,CLI-00998,3358.66,14.0,30,133.33,399.99,2958.67,122,Vencido,2026-01-31,2026-05-01,3,3
PREST-00999,CLI-00999,7764.23,25.32,24,415.64,2493.84,5270.39,0,Al día,2025-03-31,2025-09-27,0,6
PREST-01000,CLI-01000,5272.56,21.11,12,491.23,1964.92,3307.64,0,Al día,2024-01-15,2024-05-14,1,4
